produce	Set up job	﻿2026-09-12T12:00:41.2752296Z Current runner version: '2.337.0'
produce	Set up job	2026-09-12T12:00:41.2780560Z ##[group]Runner Image Provisioner
produce	Set up job	2026-09-12T12:00:41.2781557Z Hosted Compute Agent
produce	Set up job	2026-09-12T12:00:41.2782206Z Version: 20260828.587
produce	Set up job	2026-09-12T12:00:41.2782825Z Commit: abac92662cab4cc7352de4f9f9d2e2419aad9c29
produce	Set up job	2026-09-12T12:00:41.2783657Z Build Date: 2026-08-28T16:44:25Z
produce	Set up job	2026-09-12T12:00:41.2784331Z Worker ID: {f6041813-b251-43ad-9c16-92826f40a503}
produce	Set up job	2026-09-12T12:00:41.2785054Z Azure Region: westus
produce	Set up job	2026-09-12T12:00:41.2785840Z ##[endgroup]
produce	Set up job	2026-09-12T12:00:41.2787497Z ##[group]Operating System
produce	Set up job	2026-09-12T12:00:41.2788365Z Ubuntu
produce	Set up job	2026-09-12T12:00:41.2788891Z 24.04.5
produce	Set up job	2026-09-12T12:00:41.2789385Z LTS
produce	Set up job	2026-09-12T12:00:41.2789963Z ##[endgroup]
produce	Set up job	2026-09-12T12:00:41.2790548Z ##[group]Runner Image
produce	Set up job	2026-09-12T12:00:41.2791219Z Image: ubuntu-24.04
produce	Set up job	2026-09-12T12:00:41.2791915Z Version: 20260907.300.1
produce	Set up job	2026-09-12T12:00:41.2792943Z Included Software: https://github.com/actions/runner-images/blob/ubuntu24/20260907.300/images/ubuntu/Ubuntu2404-Readme.md
produce	Set up job	2026-09-12T12:00:41.2795138Z Image Release: https://github.com/actions/runner-images/releases/tag/ubuntu24%2F20260907.300
produce	Set up job	2026-09-12T12:00:41.2796428Z ##[endgroup]
produce	Set up job	2026-09-12T12:00:41.2797504Z ##[group]GITHUB_TOKEN Permissions
produce	Set up job	2026-09-12T12:00:41.2799711Z Contents: read
produce	Set up job	2026-09-12T12:00:41.2800336Z Metadata: read
produce	Set up job	2026-09-12T12:00:41.2800891Z ##[endgroup]
produce	Set up job	2026-09-12T12:00:41.2803236Z Secret source: Actions
produce	Set up job	2026-09-12T12:00:41.2804197Z Cache mode: write
produce	Set up job	2026-09-12T12:00:41.2805016Z Prepare workflow directory
produce	Set up job	2026-09-12T12:00:41.3156978Z Prepare all required actions
produce	Set up job	2026-09-12T12:00:41.3208504Z Getting action download info
produce	Set up job	2026-09-12T12:00:41.6950467Z Download action repository 'actions/checkout@11d5960a326750d5838078e36cf38b85af677262' (SHA:11d5960a326750d5838078e36cf38b85af677262)
produce	Set up job	2026-09-12T12:00:41.8308822Z Download action repository 'actions/setup-python@a26af69be951a213d495a4c3e4e4022e16d87065' (SHA:a26af69be951a213d495a4c3e4e4022e16d87065)
produce	Set up job	2026-09-12T12:00:41.9091606Z Download action repository 'actions/upload-artifact@ea165f8d65b6e75b540449e92b4886f43607fa02' (SHA:ea165f8d65b6e75b540449e92b4886f43607fa02)
produce	Set up job	2026-09-12T12:00:42.1325447Z Complete job name: produce
produce	Run actions/checkout@11d5960a326750d5838078e36cf38b85af677262	﻿2026-09-12T12:00:42.2122294Z Node 20 is being deprecated. This workflow is running with Node 24 by default. If you need to temporarily use Node 20, you can set the ACTIONS_ALLOW_USE_UNSECURE_NODE_VERSION=true environment variable. For more information see: https://github.blog/changelog/2025-09-19-deprecation-of-node-20-on-github-actions-runners/
produce	Run actions/checkout@11d5960a326750d5838078e36cf38b85af677262	2026-09-12T12:00:42.2131676Z ##[group]Run actions/checkout@11d5960a326750d5838078e36cf38b85af677262
produce	Run actions/checkout@11d5960a326750d5838078e36cf38b85af677262	2026-09-12T12:00:42.2132615Z with:
produce	Run actions/checkout@11d5960a326750d5838078e36cf38b85af677262	2026-09-12T12:00:42.2133062Z   repository: xingxuling/OPP
produce	Run actions/checkout@11d5960a326750d5838078e36cf38b85af677262	2026-09-12T12:00:42.2133622Z   ref: 7c4970cd1f19ffcbc3f90ac6ed39ff0ab9364d45
produce	Run actions/checkout@11d5960a326750d5838078e36cf38b85af677262	2026-09-12T12:00:42.2134232Z   persist-credentials: false
produce	Run actions/checkout@11d5960a326750d5838078e36cf38b85af677262	2026-09-12T12:00:42.2138141Z   token: ***
produce	Run actions/checkout@11d5960a326750d5838078e36cf38b85af677262	2026-09-12T12:00:42.2138591Z   ssh-strict: true
produce	Run actions/checkout@11d5960a326750d5838078e36cf38b85af677262	2026-09-12T12:00:42.2139034Z   ssh-user: git
produce	Run actions/checkout@11d5960a326750d5838078e36cf38b85af677262	2026-09-12T12:00:42.2139463Z   clean: true
produce	Run actions/checkout@11d5960a326750d5838078e36cf38b85af677262	2026-09-12T12:00:42.2139941Z   sparse-checkout-cone-mode: true
produce	Run actions/checkout@11d5960a326750d5838078e36cf38b85af677262	2026-09-12T12:00:42.2140475Z   fetch-depth: 1
produce	Run actions/checkout@11d5960a326750d5838078e36cf38b85af677262	2026-09-12T12:00:42.2140906Z   fetch-tags: false
produce	Run actions/checkout@11d5960a326750d5838078e36cf38b85af677262	2026-09-12T12:00:42.2141354Z   show-progress: true
produce	Run actions/checkout@11d5960a326750d5838078e36cf38b85af677262	2026-09-12T12:00:42.2141846Z   lfs: false
produce	Run actions/checkout@11d5960a326750d5838078e36cf38b85af677262	2026-09-12T12:00:42.2142266Z   submodules: false
produce	Run actions/checkout@11d5960a326750d5838078e36cf38b85af677262	2026-09-12T12:00:42.2142719Z   set-safe-directory: true
produce	Run actions/checkout@11d5960a326750d5838078e36cf38b85af677262	2026-09-12T12:00:42.2143224Z   allow-unsafe-pr-checkout: false
produce	Run actions/checkout@11d5960a326750d5838078e36cf38b85af677262	2026-09-12T12:00:42.2144221Z ##[endgroup]
produce	Run actions/checkout@11d5960a326750d5838078e36cf38b85af677262	2026-09-12T12:00:42.3202301Z Syncing repository: xingxuling/OPP
produce	Run actions/checkout@11d5960a326750d5838078e36cf38b85af677262	2026-09-12T12:00:42.3205054Z ##[group]Getting Git version info
produce	Run actions/checkout@11d5960a326750d5838078e36cf38b85af677262	2026-09-12T12:00:42.3206536Z Working directory is '/home/runner/work/TINP/TINP'
produce	Run actions/checkout@11d5960a326750d5838078e36cf38b85af677262	2026-09-12T12:00:42.3208087Z [command]/usr/bin/git version
produce	Run actions/checkout@11d5960a326750d5838078e36cf38b85af677262	2026-09-12T12:00:42.3276145Z git version 2.55.0
produce	Run actions/checkout@11d5960a326750d5838078e36cf38b85af677262	2026-09-12T12:00:42.3306913Z ##[endgroup]
produce	Run actions/checkout@11d5960a326750d5838078e36cf38b85af677262	2026-09-12T12:00:42.3316648Z Temporarily overriding HOME='/home/runner/work/_temp/459c98a4-a07a-4299-8ecb-a8129f5396b7' before making global git config changes
produce	Run actions/checkout@11d5960a326750d5838078e36cf38b85af677262	2026-09-12T12:00:42.3319261Z Adding repository directory to the temporary git global config as a safe directory
produce	Run actions/checkout@11d5960a326750d5838078e36cf38b85af677262	2026-09-12T12:00:42.3321827Z [command]/usr/bin/git config --global --add safe.directory /home/runner/work/TINP/TINP
produce	Run actions/checkout@11d5960a326750d5838078e36cf38b85af677262	2026-09-12T12:00:42.3379686Z Deleting the contents of '/home/runner/work/TINP/TINP'
produce	Run actions/checkout@11d5960a326750d5838078e36cf38b85af677262	2026-09-12T12:00:42.3386582Z ##[group]Initializing the repository
produce	Run actions/checkout@11d5960a326750d5838078e36cf38b85af677262	2026-09-12T12:00:42.3390884Z [command]/usr/bin/git init /home/runner/work/TINP/TINP
produce	Run actions/checkout@11d5960a326750d5838078e36cf38b85af677262	2026-09-12T12:00:42.3529530Z hint: Using 'master' as the name for the initial branch. This default branch name
produce	Run actions/checkout@11d5960a326750d5838078e36cf38b85af677262	2026-09-12T12:00:42.3537579Z hint: will change to "main" in Git 3.0. To configure the initial branch name
produce	Run actions/checkout@11d5960a326750d5838078e36cf38b85af677262	2026-09-12T12:00:42.3539838Z hint: to use in all of your new repositories, which will suppress this warning,
produce	Run actions/checkout@11d5960a326750d5838078e36cf38b85af677262	2026-09-12T12:00:42.3541625Z hint: call:
produce	Run actions/checkout@11d5960a326750d5838078e36cf38b85af677262	2026-09-12T12:00:42.3542621Z hint:
produce	Run actions/checkout@11d5960a326750d5838078e36cf38b85af677262	2026-09-12T12:00:42.3543790Z hint: 	git config --global init.defaultBranch <name>
produce	Run actions/checkout@11d5960a326750d5838078e36cf38b85af677262	2026-09-12T12:00:42.3545191Z hint:
produce	Run actions/checkout@11d5960a326750d5838078e36cf38b85af677262	2026-09-12T12:00:42.3547427Z hint: Names commonly chosen instead of 'master' are 'main', 'trunk' and
produce	Run actions/checkout@11d5960a326750d5838078e36cf38b85af677262	2026-09-12T12:00:42.3549543Z hint: 'development'. The just-created branch can be renamed via this command:
produce	Run actions/checkout@11d5960a326750d5838078e36cf38b85af677262	2026-09-12T12:00:42.3551236Z hint:
produce	Run actions/checkout@11d5960a326750d5838078e36cf38b85af677262	2026-09-12T12:00:42.3552221Z hint: 	git branch -m <name>
produce	Run actions/checkout@11d5960a326750d5838078e36cf38b85af677262	2026-09-12T12:00:42.3553336Z hint:
produce	Run actions/checkout@11d5960a326750d5838078e36cf38b85af677262	2026-09-12T12:00:42.3554674Z hint: Disable this message with "git config set advice.defaultBranchName false"
produce	Run actions/checkout@11d5960a326750d5838078e36cf38b85af677262	2026-09-12T12:00:42.3557401Z Initialized empty Git repository in /home/runner/work/TINP/TINP/.git/
produce	Run actions/checkout@11d5960a326750d5838078e36cf38b85af677262	2026-09-12T12:00:42.3561353Z [command]/usr/bin/git remote add origin https://github.com/xingxuling/OPP
produce	Run actions/checkout@11d5960a326750d5838078e36cf38b85af677262	2026-09-12T12:00:42.3623948Z ##[endgroup]
produce	Run actions/checkout@11d5960a326750d5838078e36cf38b85af677262	2026-09-12T12:00:42.3626063Z ##[group]Disabling automatic garbage collection
produce	Run actions/checkout@11d5960a326750d5838078e36cf38b85af677262	2026-09-12T12:00:42.3638687Z [command]/usr/bin/git config --local gc.auto 0
produce	Run actions/checkout@11d5960a326750d5838078e36cf38b85af677262	2026-09-12T12:00:42.3684860Z ##[endgroup]
produce	Run actions/checkout@11d5960a326750d5838078e36cf38b85af677262	2026-09-12T12:00:42.3686849Z ##[group]Setting up auth
produce	Run actions/checkout@11d5960a326750d5838078e36cf38b85af677262	2026-09-12T12:00:42.3693421Z [command]/usr/bin/git config --local --name-only --get-regexp core\.sshCommand
produce	Run actions/checkout@11d5960a326750d5838078e36cf38b85af677262	2026-09-12T12:00:42.3758197Z [command]/usr/bin/git submodule foreach --recursive sh -c "git config --local --name-only --get-regexp 'core\.sshCommand' && git config --local --unset-all 'core.sshCommand' || :"
produce	Run actions/checkout@11d5960a326750d5838078e36cf38b85af677262	2026-09-12T12:00:42.4262422Z [command]/usr/bin/git config --local --name-only --get-regexp http\.https\:\/\/github\.com\/\.extraheader
produce	Run actions/checkout@11d5960a326750d5838078e36cf38b85af677262	2026-09-12T12:00:42.4302852Z [command]/usr/bin/git submodule foreach --recursive sh -c "git config --local --name-only --get-regexp 'http\.https\:\/\/github\.com\/\.extraheader' && git config --local --unset-all 'http.https://github.com/.extraheader' || :"
produce	Run actions/checkout@11d5960a326750d5838078e36cf38b85af677262	2026-09-12T12:00:42.4535432Z [command]/usr/bin/git config --local --name-only --get-regexp ^includeIf\.gitdir:
produce	Run actions/checkout@11d5960a326750d5838078e36cf38b85af677262	2026-09-12T12:00:42.4574805Z [command]/usr/bin/git submodule foreach --recursive git config --local --show-origin --name-only --get-regexp remote.origin.url
produce	Run actions/checkout@11d5960a326750d5838078e36cf38b85af677262	2026-09-12T12:00:42.4810368Z [command]/usr/bin/git config --local http.https://github.com/.extraheader AUTHORIZATION: basic ***
produce	Run actions/checkout@11d5960a326750d5838078e36cf38b85af677262	2026-09-12T12:00:42.4853653Z ##[endgroup]
produce	Run actions/checkout@11d5960a326750d5838078e36cf38b85af677262	2026-09-12T12:00:42.4854942Z ##[group]Fetching the repository
produce	Run actions/checkout@11d5960a326750d5838078e36cf38b85af677262	2026-09-12T12:00:42.4863939Z [command]/usr/bin/git -c protocol.version=2 fetch --no-tags --prune --no-recurse-submodules --depth=1 origin 7c4970cd1f19ffcbc3f90ac6ed39ff0ab9364d45
produce	Run actions/checkout@11d5960a326750d5838078e36cf38b85af677262	2026-09-12T12:00:43.1008615Z From https://github.com/xingxuling/OPP
produce	Run actions/checkout@11d5960a326750d5838078e36cf38b85af677262	2026-09-12T12:00:43.1010627Z  * branch            7c4970cd1f19ffcbc3f90ac6ed39ff0ab9364d45 -> FETCH_HEAD
produce	Run actions/checkout@11d5960a326750d5838078e36cf38b85af677262	2026-09-12T12:00:43.1014427Z ##[endgroup]
produce	Run actions/checkout@11d5960a326750d5838078e36cf38b85af677262	2026-09-12T12:00:43.1016334Z ##[group]Determining the checkout info
produce	Run actions/checkout@11d5960a326750d5838078e36cf38b85af677262	2026-09-12T12:00:43.1018187Z ##[endgroup]
produce	Run actions/checkout@11d5960a326750d5838078e36cf38b85af677262	2026-09-12T12:00:43.1022732Z [command]/usr/bin/git sparse-checkout disable
produce	Run actions/checkout@11d5960a326750d5838078e36cf38b85af677262	2026-09-12T12:00:43.1088623Z [command]/usr/bin/git config --local --unset-all extensions.worktreeConfig
produce	Run actions/checkout@11d5960a326750d5838078e36cf38b85af677262	2026-09-12T12:00:43.1127409Z ##[group]Checking out the ref
produce	Run actions/checkout@11d5960a326750d5838078e36cf38b85af677262	2026-09-12T12:00:43.1134419Z [command]/usr/bin/git checkout --progress --force 7c4970cd1f19ffcbc3f90ac6ed39ff0ab9364d45
produce	Run actions/checkout@11d5960a326750d5838078e36cf38b85af677262	2026-09-12T12:00:43.1310356Z Note: switching to '7c4970cd1f19ffcbc3f90ac6ed39ff0ab9364d45'.
produce	Run actions/checkout@11d5960a326750d5838078e36cf38b85af677262	2026-09-12T12:00:43.1311444Z 
produce	Run actions/checkout@11d5960a326750d5838078e36cf38b85af677262	2026-09-12T12:00:43.1312043Z You are in 'detached HEAD' state. You can look around, make experimental
produce	Run actions/checkout@11d5960a326750d5838078e36cf38b85af677262	2026-09-12T12:00:43.1313739Z changes and commit them, and you can discard any commits you make in this
produce	Run actions/checkout@11d5960a326750d5838078e36cf38b85af677262	2026-09-12T12:00:43.1315072Z state without impacting any branches by switching back to a branch.
produce	Run actions/checkout@11d5960a326750d5838078e36cf38b85af677262	2026-09-12T12:00:43.1316303Z 
produce	Run actions/checkout@11d5960a326750d5838078e36cf38b85af677262	2026-09-12T12:00:43.1317390Z If you want to create a new branch to retain commits you create, you may
produce	Run actions/checkout@11d5960a326750d5838078e36cf38b85af677262	2026-09-12T12:00:43.1319525Z do so (now or later) by using -c with the switch command. Example:
produce	Run actions/checkout@11d5960a326750d5838078e36cf38b85af677262	2026-09-12T12:00:43.1320795Z 
produce	Run actions/checkout@11d5960a326750d5838078e36cf38b85af677262	2026-09-12T12:00:43.1321315Z   git switch -c <new-branch-name>
produce	Run actions/checkout@11d5960a326750d5838078e36cf38b85af677262	2026-09-12T12:00:43.1322172Z 
produce	Run actions/checkout@11d5960a326750d5838078e36cf38b85af677262	2026-09-12T12:00:43.1322712Z Or undo this operation with:
produce	Run actions/checkout@11d5960a326750d5838078e36cf38b85af677262	2026-09-12T12:00:43.1323546Z 
produce	Run actions/checkout@11d5960a326750d5838078e36cf38b85af677262	2026-09-12T12:00:43.1323989Z   git switch -
produce	Run actions/checkout@11d5960a326750d5838078e36cf38b85af677262	2026-09-12T12:00:43.1324516Z 
produce	Run actions/checkout@11d5960a326750d5838078e36cf38b85af677262	2026-09-12T12:00:43.1325176Z Turn off this advice by setting config variable advice.detachedHead to false
produce	Run actions/checkout@11d5960a326750d5838078e36cf38b85af677262	2026-09-12T12:00:43.1326558Z 
produce	Run actions/checkout@11d5960a326750d5838078e36cf38b85af677262	2026-09-12T12:00:43.1327717Z HEAD is now at 7c4970c fix: preserve Auto Connect plan compatibility and archive hosted evidence
produce	Run actions/checkout@11d5960a326750d5838078e36cf38b85af677262	2026-09-12T12:00:43.1331557Z ##[endgroup]
produce	Run actions/checkout@11d5960a326750d5838078e36cf38b85af677262	2026-09-12T12:00:43.1378721Z [command]/usr/bin/git log -1 --format=%H
produce	Run actions/checkout@11d5960a326750d5838078e36cf38b85af677262	2026-09-12T12:00:43.1407917Z 7c4970cd1f19ffcbc3f90ac6ed39ff0ab9364d45
produce	Run actions/checkout@11d5960a326750d5838078e36cf38b85af677262	2026-09-12T12:00:43.1418251Z ##[group]Removing auth
produce	Run actions/checkout@11d5960a326750d5838078e36cf38b85af677262	2026-09-12T12:00:43.1422487Z [command]/usr/bin/git config --local --name-only --get-regexp core\.sshCommand
produce	Run actions/checkout@11d5960a326750d5838078e36cf38b85af677262	2026-09-12T12:00:43.1460311Z [command]/usr/bin/git submodule foreach --recursive sh -c "git config --local --name-only --get-regexp 'core\.sshCommand' && git config --local --unset-all 'core.sshCommand' || :"
produce	Run actions/checkout@11d5960a326750d5838078e36cf38b85af677262	2026-09-12T12:00:43.1688981Z [command]/usr/bin/git config --local --name-only --get-regexp http\.https\:\/\/github\.com\/\.extraheader
produce	Run actions/checkout@11d5960a326750d5838078e36cf38b85af677262	2026-09-12T12:00:43.1723707Z http.https://github.com/.extraheader
produce	Run actions/checkout@11d5960a326750d5838078e36cf38b85af677262	2026-09-12T12:00:43.1731769Z [command]/usr/bin/git config --local --unset-all http.https://github.com/.extraheader
produce	Run actions/checkout@11d5960a326750d5838078e36cf38b85af677262	2026-09-12T12:00:43.1769857Z [command]/usr/bin/git submodule foreach --recursive sh -c "git config --local --name-only --get-regexp 'http\.https\:\/\/github\.com\/\.extraheader' && git config --local --unset-all 'http.https://github.com/.extraheader' || :"
produce	Run actions/checkout@11d5960a326750d5838078e36cf38b85af677262	2026-09-12T12:00:43.1996696Z [command]/usr/bin/git config --local --name-only --get-regexp ^includeIf\.gitdir:
produce	Run actions/checkout@11d5960a326750d5838078e36cf38b85af677262	2026-09-12T12:00:43.2031624Z [command]/usr/bin/git submodule foreach --recursive git config --local --show-origin --name-only --get-regexp remote.origin.url
produce	Run actions/checkout@11d5960a326750d5838078e36cf38b85af677262	2026-09-12T12:00:43.2262645Z ##[endgroup]
produce	Run actions/setup-python@a26af69be951a213d495a4c3e4e4022e16d87065	﻿2026-09-12T12:00:43.2705212Z Node 20 is being deprecated. This workflow is running with Node 24 by default. If you need to temporarily use Node 20, you can set the ACTIONS_ALLOW_USE_UNSECURE_NODE_VERSION=true environment variable. For more information see: https://github.blog/changelog/2025-09-19-deprecation-of-node-20-on-github-actions-runners/
produce	Run actions/setup-python@a26af69be951a213d495a4c3e4e4022e16d87065	2026-09-12T12:00:43.2712340Z ##[group]Run actions/setup-python@a26af69be951a213d495a4c3e4e4022e16d87065
produce	Run actions/setup-python@a26af69be951a213d495a4c3e4e4022e16d87065	2026-09-12T12:00:43.2713934Z with:
produce	Run actions/setup-python@a26af69be951a213d495a4c3e4e4022e16d87065	2026-09-12T12:00:43.2714728Z   python-version: 3.11
produce	Run actions/setup-python@a26af69be951a213d495a4c3e4e4022e16d87065	2026-09-12T12:00:43.2715889Z   check-latest: false
produce	Run actions/setup-python@a26af69be951a213d495a4c3e4e4022e16d87065	2026-09-12T12:00:43.2725185Z   token: ***
produce	Run actions/setup-python@a26af69be951a213d495a4c3e4e4022e16d87065	2026-09-12T12:00:43.2726208Z   update-environment: true
produce	Run actions/setup-python@a26af69be951a213d495a4c3e4e4022e16d87065	2026-09-12T12:00:43.2727202Z   allow-prereleases: false
produce	Run actions/setup-python@a26af69be951a213d495a4c3e4e4022e16d87065	2026-09-12T12:00:43.2728168Z   freethreaded: false
produce	Run actions/setup-python@a26af69be951a213d495a4c3e4e4022e16d87065	2026-09-12T12:00:43.2729036Z ##[endgroup]
produce	Run actions/setup-python@a26af69be951a213d495a4c3e4e4022e16d87065	2026-09-12T12:00:43.4143448Z ##[group]Installed versions
produce	Run actions/setup-python@a26af69be951a213d495a4c3e4e4022e16d87065	2026-09-12T12:00:43.4241199Z (node:2315) [DEP0040] DeprecationWarning: The `punycode` module is deprecated. Please use a userland alternative instead.
produce	Run actions/setup-python@a26af69be951a213d495a4c3e4e4022e16d87065	2026-09-12T12:00:43.4245180Z (Use `node --trace-deprecation ...` to show where the warning was created)
produce	Run actions/setup-python@a26af69be951a213d495a4c3e4e4022e16d87065	2026-09-12T12:00:43.4247794Z Successfully set up CPython (3.11.16)
produce	Run actions/setup-python@a26af69be951a213d495a4c3e4e4022e16d87065	2026-09-12T12:00:43.4250496Z ##[endgroup]
produce	Build and install OPP wheel and pinned external libraries	﻿2026-09-12T12:00:43.4477842Z ##[group]Run python -m pip wheel --no-deps . -w /tmp/opp-wheels
produce	Build and install OPP wheel and pinned external libraries	2026-09-12T12:00:43.4479808Z ^[[36;1mpython -m pip wheel --no-deps . -w /tmp/opp-wheels^[[0m
produce	Build and install OPP wheel and pinned external libraries	2026-09-12T12:00:43.4481257Z ^[[36;1mpython -m venv /tmp/opp-env^[[0m
produce	Build and install OPP wheel and pinned external libraries	2026-09-12T12:00:43.4483359Z ^[[36;1m/tmp/opp-env/bin/python -m pip install /tmp/opp-wheels/*.whl -r examples/external-projects/requirements.txt^[[0m
produce	Build and install OPP wheel and pinned external libraries	2026-09-12T12:00:43.4549191Z shell: /usr/bin/bash -e {0}
produce	Build and install OPP wheel and pinned external libraries	2026-09-12T12:00:43.4550850Z env:
produce	Build and install OPP wheel and pinned external libraries	2026-09-12T12:00:43.4552308Z   pythonLocation: /opt/hostedtoolcache/Python/3.11.16/x64
produce	Build and install OPP wheel and pinned external libraries	2026-09-12T12:00:43.4554202Z   PKG_CONFIG_PATH: /opt/hostedtoolcache/Python/3.11.16/x64/lib/pkgconfig
produce	Build and install OPP wheel and pinned external libraries	2026-09-12T12:00:43.4556208Z   Python_ROOT_DIR: /opt/hostedtoolcache/Python/3.11.16/x64
produce	Build and install OPP wheel and pinned external libraries	2026-09-12T12:00:43.4557773Z   Python2_ROOT_DIR: /opt/hostedtoolcache/Python/3.11.16/x64
produce	Build and install OPP wheel and pinned external libraries	2026-09-12T12:00:43.4559326Z   Python3_ROOT_DIR: /opt/hostedtoolcache/Python/3.11.16/x64
produce	Build and install OPP wheel and pinned external libraries	2026-09-12T12:00:43.4560891Z   LD_LIBRARY_PATH: /opt/hostedtoolcache/Python/3.11.16/x64/lib
produce	Build and install OPP wheel and pinned external libraries	2026-09-12T12:00:43.4562303Z ##[endgroup]
produce	Build and install OPP wheel and pinned external libraries	2026-09-12T12:00:44.2538757Z Processing ./.
produce	Build and install OPP wheel and pinned external libraries	2026-09-12T12:00:44.2558221Z   Installing build dependencies: started
produce	Build and install OPP wheel and pinned external libraries	2026-09-12T12:00:44.9842510Z   Installing build dependencies: finished with status 'done'
produce	Build and install OPP wheel and pinned external libraries	2026-09-12T12:00:44.9850143Z   Getting requirements to build wheel: started
produce	Build and install OPP wheel and pinned external libraries	2026-09-12T12:00:45.4506336Z   Getting requirements to build wheel: finished with status 'done'
produce	Build and install OPP wheel and pinned external libraries	2026-09-12T12:00:45.4515255Z   Preparing metadata (pyproject.toml): started
produce	Build and install OPP wheel and pinned external libraries	2026-09-12T12:00:45.6337961Z   Preparing metadata (pyproject.toml): finished with status 'done'
produce	Build and install OPP wheel and pinned external libraries	2026-09-12T12:00:45.6356016Z Building wheels for collected packages: taowind-opp
produce	Build and install OPP wheel and pinned external libraries	2026-09-12T12:00:45.6364134Z   Building wheel for taowind-opp (pyproject.toml): started
produce	Build and install OPP wheel and pinned external libraries	2026-09-12T12:00:45.8686365Z   Building wheel for taowind-opp (pyproject.toml): finished with status 'done'
produce	Build and install OPP wheel and pinned external libraries	2026-09-12T12:00:45.8694019Z   Created wheel for taowind-opp: filename=taowind_opp-0.3.0.dev1-py3-none-any.whl size=60407 sha256=0c1c29a770db3c52189552bac798ad48ffe3d5e2755e50ddc9f5b2ec095837b9
produce	Build and install OPP wheel and pinned external libraries	2026-09-12T12:00:45.8696500Z   Stored in directory: /tmp/pip-ephem-wheel-cache-cgehsgoq/wheels/7a/16/1a/e6a33523d201ee8377e74c6e535b9fba7f7026b2a7ac318787
produce	Build and install OPP wheel and pinned external libraries	2026-09-12T12:00:45.8720629Z Successfully built taowind-opp
produce	Build and install OPP wheel and pinned external libraries	2026-09-12T12:00:50.0526611Z Processing /tmp/opp-wheels/taowind_opp-0.3.0.dev1-py3-none-any.whl
produce	Build and install OPP wheel and pinned external libraries	2026-09-12T12:00:50.1086173Z Collecting boltons==26.2.0 (from -r examples/external-projects/requirements.txt (line 1))
produce	Build and install OPP wheel and pinned external libraries	2026-09-12T12:00:50.1402079Z   Downloading boltons-26.2.0-py3-none-any.whl.metadata (7.0 kB)
produce	Build and install OPP wheel and pinned external libraries	2026-09-12T12:00:50.1695291Z Collecting more-itertools==11.1.0 (from -r examples/external-projects/requirements.txt (line 2))
produce	Build and install OPP wheel and pinned external libraries	2026-09-12T12:00:50.1753773Z   Downloading more_itertools-11.1.0-py3-none-any.whl.metadata (41 kB)
produce	Build and install OPP wheel and pinned external libraries	2026-09-12T12:00:50.1826110Z      ━━━━━━━━━━━━━━━━━━━━━━━━━━━━━━━━━━━━━━━━ 41.4/41.4 kB 7.2 MB/s eta 0:00:00
produce	Build and install OPP wheel and pinned external libraries	2026-09-12T12:00:50.1993268Z Collecting jmespath==1.1.0 (from -r examples/external-projects/requirements.txt (line 3))
produce	Build and install OPP wheel and pinned external libraries	2026-09-12T12:00:50.2025054Z   Downloading jmespath-1.1.0-py3-none-any.whl.metadata (7.6 kB)
produce	Build and install OPP wheel and pinned external libraries	2026-09-12T12:00:50.2461938Z Collecting jsonschema>=4.23 (from taowind-opp==0.3.0.dev1)
produce	Build and install OPP wheel and pinned external libraries	2026-09-12T12:00:50.2496227Z   Downloading jsonschema-4.26.0-py3-none-any.whl.metadata (7.6 kB)
produce	Build and install OPP wheel and pinned external libraries	2026-09-12T12:00:50.2871696Z Collecting attrs>=22.2.0 (from jsonschema>=4.23->taowind-opp==0.3.0.dev1)
produce	Build and install OPP wheel and pinned external libraries	2026-09-12T12:00:50.2902974Z   Downloading attrs-26.1.0-py3-none-any.whl.metadata (8.8 kB)
produce	Build and install OPP wheel and pinned external libraries	2026-09-12T12:00:50.3116258Z Collecting jsonschema-specifications>=2023.03.6 (from jsonschema>=4.23->taowind-opp==0.3.0.dev1)
produce	Build and install OPP wheel and pinned external libraries	2026-09-12T12:00:50.3145935Z   Downloading jsonschema_specifications-2025.9.1-py3-none-any.whl.metadata (2.9 kB)
produce	Build and install OPP wheel and pinned external libraries	2026-09-12T12:00:50.3540899Z Collecting referencing>=0.28.4 (from jsonschema>=4.23->taowind-opp==0.3.0.dev1)
produce	Build and install OPP wheel and pinned external libraries	2026-09-12T12:00:50.3573460Z   Downloading referencing-0.37.0-py3-none-any.whl.metadata (2.8 kB)
produce	Build and install OPP wheel and pinned external libraries	2026-09-12T12:00:50.7249488Z Collecting rpds-py>=0.25.0 (from jsonschema>=4.23->taowind-opp==0.3.0.dev1)
produce	Build and install OPP wheel and pinned external libraries	2026-09-12T12:00:50.7286144Z   Downloading rpds_py-2026.6.3-cp311-cp311-manylinux_2_17_x86_64.manylinux2014_x86_64.whl.metadata (4.1 kB)
produce	Build and install OPP wheel and pinned external libraries	2026-09-12T12:00:50.7742838Z Collecting typing-extensions>=4.4.0 (from referencing>=0.28.4->jsonschema>=4.23->taowind-opp==0.3.0.dev1)
produce	Build and install OPP wheel and pinned external libraries	2026-09-12T12:00:50.7772422Z   Downloading typing_extensions-4.16.0-py3-none-any.whl.metadata (3.3 kB)
produce	Build and install OPP wheel and pinned external libraries	2026-09-12T12:00:50.7903719Z Downloading boltons-26.2.0-py3-none-any.whl (199 kB)
produce	Build and install OPP wheel and pinned external libraries	2026-09-12T12:00:50.8003287Z    ━━━━━━━━━━━━━━━━━━━━━━━━━━━━━━━━━━━━━━━━ 199.5/199.5 kB 24.5 MB/s eta 0:00:00
produce	Build and install OPP wheel and pinned external libraries	2026-09-12T12:00:50.8031739Z Downloading more_itertools-11.1.0-py3-none-any.whl (72 kB)
produce	Build and install OPP wheel and pinned external libraries	2026-09-12T12:00:50.8083557Z    ━━━━━━━━━━━━━━━━━━━━━━━━━━━━━━━━━━━━━━━━ 72.2/72.2 kB 19.0 MB/s eta 0:00:00
produce	Build and install OPP wheel and pinned external libraries	2026-09-12T12:00:50.8114157Z Downloading jmespath-1.1.0-py3-none-any.whl (20 kB)
produce	Build and install OPP wheel and pinned external libraries	2026-09-12T12:00:50.8164929Z Downloading jsonschema-4.26.0-py3-none-any.whl (90 kB)
produce	Build and install OPP wheel and pinned external libraries	2026-09-12T12:00:50.8223725Z    ━━━━━━━━━━━━━━━━━━━━━━━━━━━━━━━━━━━━━━━━ 90.6/90.6 kB 21.8 MB/s eta 0:00:00
produce	Build and install OPP wheel and pinned external libraries	2026-09-12T12:00:50.8252545Z Downloading attrs-26.1.0-py3-none-any.whl (67 kB)
produce	Build and install OPP wheel and pinned external libraries	2026-09-12T12:00:50.8300734Z    ━━━━━━━━━━━━━━━━━━━━━━━━━━━━━━━━━━━━━━━━ 67.5/67.5 kB 21.2 MB/s eta 0:00:00
produce	Build and install OPP wheel and pinned external libraries	2026-09-12T12:00:50.8330262Z Downloading jsonschema_specifications-2025.9.1-py3-none-any.whl (18 kB)
produce	Build and install OPP wheel and pinned external libraries	2026-09-12T12:00:50.8384029Z Downloading referencing-0.37.0-py3-none-any.whl (26 kB)
produce	Build and install OPP wheel and pinned external libraries	2026-09-12T12:00:50.8437397Z Downloading rpds_py-2026.6.3-cp311-cp311-manylinux_2_17_x86_64.manylinux2014_x86_64.whl (371 kB)
produce	Build and install OPP wheel and pinned external libraries	2026-09-12T12:00:50.8527585Z    ━━━━━━━━━━━━━━━━━━━━━━━━━━━━━━━━━━━━━━━━ 371.3/371.3 kB 55.1 MB/s eta 0:00:00
produce	Build and install OPP wheel and pinned external libraries	2026-09-12T12:00:50.8556185Z Downloading typing_extensions-4.16.0-py3-none-any.whl (45 kB)
produce	Build and install OPP wheel and pinned external libraries	2026-09-12T12:00:50.8600495Z    ━━━━━━━━━━━━━━━━━━━━━━━━━━━━━━━━━━━━━━━━ 45.6/45.6 kB 13.6 MB/s eta 0:00:00
produce	Build and install OPP wheel and pinned external libraries	2026-09-12T12:00:50.9246663Z Installing collected packages: typing-extensions, rpds-py, more-itertools, jmespath, boltons, attrs, referencing, jsonschema-specifications, jsonschema, taowind-opp
produce	Build and install OPP wheel and pinned external libraries	2026-09-12T12:00:51.2910744Z Successfully installed attrs-26.1.0 boltons-26.2.0 jmespath-1.1.0 jsonschema-4.26.0 jsonschema-specifications-2025.9.1 more-itertools-11.1.0 referencing-0.37.0 rpds-py-2026.6.3 taowind-opp-0.3.0.dev1 typing-extensions-4.16.0
produce	Build and install OPP wheel and pinned external libraries	2026-09-12T12:00:51.3952875Z 
produce	Build and install OPP wheel and pinned external libraries	2026-09-12T12:00:51.3953786Z [notice] A new release of pip is available: 24.0 -> 26.2.1
produce	Build and install OPP wheel and pinned external libraries	2026-09-12T12:00:51.3954602Z [notice] To update, run: python -m pip install --upgrade pip
produce	Execute real libraries from the installed wheel	﻿2026-09-12T12:00:51.5641598Z ##[group]Run /tmp/opp-env/bin/python -I scripts/verify_external_projects.py --out /tmp/opp-evidence
produce	Execute real libraries from the installed wheel	2026-09-12T12:00:51.5642435Z ^[[36;1m/tmp/opp-env/bin/python -I scripts/verify_external_projects.py --out /tmp/opp-evidence^[[0m
produce	Execute real libraries from the installed wheel	2026-09-12T12:00:51.5683321Z shell: /usr/bin/bash -e {0}
produce	Execute real libraries from the installed wheel	2026-09-12T12:00:51.5683610Z env:
produce	Execute real libraries from the installed wheel	2026-09-12T12:00:51.5683905Z   pythonLocation: /opt/hostedtoolcache/Python/3.11.16/x64
produce	Execute real libraries from the installed wheel	2026-09-12T12:00:51.5684405Z   PKG_CONFIG_PATH: /opt/hostedtoolcache/Python/3.11.16/x64/lib/pkgconfig
produce	Execute real libraries from the installed wheel	2026-09-12T12:00:51.5684899Z   Python_ROOT_DIR: /opt/hostedtoolcache/Python/3.11.16/x64
produce	Execute real libraries from the installed wheel	2026-09-12T12:00:51.5685327Z   Python2_ROOT_DIR: /opt/hostedtoolcache/Python/3.11.16/x64
produce	Execute real libraries from the installed wheel	2026-09-12T12:00:51.5685990Z   Python3_ROOT_DIR: /opt/hostedtoolcache/Python/3.11.16/x64
produce	Execute real libraries from the installed wheel	2026-09-12T12:00:51.5686446Z   LD_LIBRARY_PATH: /opt/hostedtoolcache/Python/3.11.16/x64/lib
produce	Execute real libraries from the installed wheel	2026-09-12T12:00:51.5686823Z ##[endgroup]
produce	Execute real libraries from the installed wheel	2026-09-12T12:00:52.7858079Z {"status": "REAL_THIRD_PARTY_LIBRARIES_LOCAL_OPERATOR", "out": "/tmp/opp-evidence", "cases": [{"project": "boltons", "interfaceCount": 175, "untypedOutputs": 173, "scanSeconds": 0.2762, "version": "26.2.0", "automatedRunSeconds": 0.2163, "humanMinutes": null, "humanTimingStatus": "NOT_MEASURED", "manualInterventions": ["choose API", "write thin library wrapper", "declare JSON field schema", "install pinned packages"], "automatic": ["static signature discovery", "declared-shape compatibility", "normalized field-rename synthesis", "child execution receipts"], "bridge": "PASS", "negative": "TypeError:expected an iterable, not <class 'int'>", "recovery": "EXPLICIT_STATELESS_REINVOKE", "offlineVerified": true, "independentOperator": false, "physicalMultiHost": "NOT_RUN"}, {"project": "more-itertools", "interfaceCount": 180, "untypedOutputs": 180, "scanSeconds": 0.1238, "version": "11.1.0", "automatedRunSeconds": 0.2249, "humanMinutes": null, "humanTimingStatus": "NOT_MEASURED", "manualInterventions": ["choose API", "write thin library wrapper", "declare JSON field schema", "install pinned packages"], "automatic": ["static signature discovery", "declared-shape compatibility", "normalized field-rename synthesis", "child execution receipts"], "bridge": "PASS", "negative": "TypeError:'int' object is not iterable", "recovery": "EXPLICIT_STATELESS_REINVOKE", "offlineVerified": true, "independentOperator": false, "physicalMultiHost": "NOT_RUN"}, {"project": "jmespath", "interfaceCount": 32, "untypedOutputs": 32, "scanSeconds": 0.0354, "version": "1.1.0", "automatedRunSeconds": 0.209, "humanMinutes": null, "humanTimingStatus": "NOT_MEASURED", "manualInterventions": ["choose API", "write thin library wrapper", "declare JSON field schema", "install pinned packages"], "automatic": ["static signature discovery", "declared-shape compatibility", "normalized field-rename synthesis", "child execution receipts"], "bridge": "PASS", "negative": "JMESPathTypeError:In function sort(), invalid type for value: 7, expected one of: ['array-string', 'array-number'], received: \"number\"", "recovery": "EXPLICIT_STATELESS_REINVOKE", "offlineVerified": true, "independentOperator": false, "physicalMultiHost": "NOT_RUN"}]}
produce	Bind transferred evidence outside its payload	﻿2026-09-12T12:00:52.8068814Z ##[group]Run python -c "import hashlib,os; from pathlib import Path; digest=hashlib.sha256(Path('/tmp/opp-evidence/summary.json').read_bytes()).hexdigest(); Path(os.environ['GITHUB_OUTPUT']).write_text('summary-hash='+digest+'\n')"
produce	Bind transferred evidence outside its payload	2026-09-12T12:00:52.8070486Z ^[[36;1mpython -c "import hashlib,os; from pathlib import Path; digest=hashlib.sha256(Path('/tmp/opp-evidence/summary.json').read_bytes()).hexdigest(); Path(os.environ['GITHUB_OUTPUT']).write_text('summary-hash='+digest+'\n')"^[[0m
produce	Bind transferred evidence outside its payload	2026-09-12T12:00:52.8109028Z shell: /usr/bin/bash -e {0}
produce	Bind transferred evidence outside its payload	2026-09-12T12:00:52.8109294Z env:
produce	Bind transferred evidence outside its payload	2026-09-12T12:00:52.8109571Z   pythonLocation: /opt/hostedtoolcache/Python/3.11.16/x64
produce	Bind transferred evidence outside its payload	2026-09-12T12:00:52.8110037Z   PKG_CONFIG_PATH: /opt/hostedtoolcache/Python/3.11.16/x64/lib/pkgconfig
produce	Bind transferred evidence outside its payload	2026-09-12T12:00:52.8110517Z   Python_ROOT_DIR: /opt/hostedtoolcache/Python/3.11.16/x64
produce	Bind transferred evidence outside its payload	2026-09-12T12:00:52.8110932Z   Python2_ROOT_DIR: /opt/hostedtoolcache/Python/3.11.16/x64
produce	Bind transferred evidence outside its payload	2026-09-12T12:00:52.8111335Z   Python3_ROOT_DIR: /opt/hostedtoolcache/Python/3.11.16/x64
produce	Bind transferred evidence outside its payload	2026-09-12T12:00:52.8111781Z   LD_LIBRARY_PATH: /opt/hostedtoolcache/Python/3.11.16/x64/lib
produce	Bind transferred evidence outside its payload	2026-09-12T12:00:52.8112125Z ##[endgroup]
produce	Run actions/upload-artifact@ea165f8d65b6e75b540449e92b4886f43607fa02	﻿2026-09-12T12:00:52.8523644Z Node 20 is being deprecated. This workflow is running with Node 24 by default. If you need to temporarily use Node 20, you can set the ACTIONS_ALLOW_USE_UNSECURE_NODE_VERSION=true environment variable. For more information see: https://github.blog/changelog/2025-09-19-deprecation-of-node-20-on-github-actions-runners/
produce	Run actions/upload-artifact@ea165f8d65b6e75b540449e92b4886f43607fa02	2026-09-12T12:00:52.8525089Z ##[group]Run actions/upload-artifact@ea165f8d65b6e75b540449e92b4886f43607fa02
produce	Run actions/upload-artifact@ea165f8d65b6e75b540449e92b4886f43607fa02	2026-09-12T12:00:52.8525483Z with:
produce	Run actions/upload-artifact@ea165f8d65b6e75b540449e92b4886f43607fa02	2026-09-12T12:00:52.8525988Z   name: opp-linux-evidence
produce	Run actions/upload-artifact@ea165f8d65b6e75b540449e92b4886f43607fa02	2026-09-12T12:00:52.8526249Z   path: /tmp/opp-evidence
produce	Run actions/upload-artifact@ea165f8d65b6e75b540449e92b4886f43607fa02	2026-09-12T12:00:52.8526489Z   if-no-files-found: error
produce	Run actions/upload-artifact@ea165f8d65b6e75b540449e92b4886f43607fa02	2026-09-12T12:00:52.8526732Z   retention-days: 14
produce	Run actions/upload-artifact@ea165f8d65b6e75b540449e92b4886f43607fa02	2026-09-12T12:00:52.8526949Z   compression-level: 6
produce	Run actions/upload-artifact@ea165f8d65b6e75b540449e92b4886f43607fa02	2026-09-12T12:00:52.8527165Z   overwrite: false
produce	Run actions/upload-artifact@ea165f8d65b6e75b540449e92b4886f43607fa02	2026-09-12T12:00:52.8527386Z   include-hidden-files: false
produce	Run actions/upload-artifact@ea165f8d65b6e75b540449e92b4886f43607fa02	2026-09-12T12:00:52.8527630Z env:
produce	Run actions/upload-artifact@ea165f8d65b6e75b540449e92b4886f43607fa02	2026-09-12T12:00:52.8527881Z   pythonLocation: /opt/hostedtoolcache/Python/3.11.16/x64
produce	Run actions/upload-artifact@ea165f8d65b6e75b540449e92b4886f43607fa02	2026-09-12T12:00:52.8528321Z   PKG_CONFIG_PATH: /opt/hostedtoolcache/Python/3.11.16/x64/lib/pkgconfig
produce	Run actions/upload-artifact@ea165f8d65b6e75b540449e92b4886f43607fa02	2026-09-12T12:00:52.8528794Z   Python_ROOT_DIR: /opt/hostedtoolcache/Python/3.11.16/x64
produce	Run actions/upload-artifact@ea165f8d65b6e75b540449e92b4886f43607fa02	2026-09-12T12:00:52.8529177Z   Python2_ROOT_DIR: /opt/hostedtoolcache/Python/3.11.16/x64
produce	Run actions/upload-artifact@ea165f8d65b6e75b540449e92b4886f43607fa02	2026-09-12T12:00:52.8529568Z   Python3_ROOT_DIR: /opt/hostedtoolcache/Python/3.11.16/x64
produce	Run actions/upload-artifact@ea165f8d65b6e75b540449e92b4886f43607fa02	2026-09-12T12:00:52.8529970Z   LD_LIBRARY_PATH: /opt/hostedtoolcache/Python/3.11.16/x64/lib
produce	Run actions/upload-artifact@ea165f8d65b6e75b540449e92b4886f43607fa02	2026-09-12T12:00:52.8530300Z ##[endgroup]
produce	Run actions/upload-artifact@ea165f8d65b6e75b540449e92b4886f43607fa02	2026-09-12T12:00:53.0329805Z (node:2454) [DEP0040] DeprecationWarning: The `punycode` module is deprecated. Please use a userland alternative instead.
produce	Run actions/upload-artifact@ea165f8d65b6e75b540449e92b4886f43607fa02	2026-09-12T12:00:53.0331350Z (Use `node --trace-deprecation ...` to show where the warning was created)
produce	Run actions/upload-artifact@ea165f8d65b6e75b540449e92b4886f43607fa02	2026-09-12T12:00:53.0425515Z With the provided path, there will be 12 files uploaded
produce	Run actions/upload-artifact@ea165f8d65b6e75b540449e92b4886f43607fa02	2026-09-12T12:00:53.0434906Z Artifact name is valid!
produce	Run actions/upload-artifact@ea165f8d65b6e75b540449e92b4886f43607fa02	2026-09-12T12:00:53.0435524Z Root directory input is valid!
produce	Run actions/upload-artifact@ea165f8d65b6e75b540449e92b4886f43607fa02	2026-09-12T12:00:53.4167359Z Beginning upload of artifact content to blob storage
produce	Run actions/upload-artifact@ea165f8d65b6e75b540449e92b4886f43607fa02	2026-09-12T12:00:53.4611415Z (node:2454) [DEP0169] DeprecationWarning: `url.parse()` behavior is not standardized and prone to errors that have security implications. Use the WHATWG URL API instead. CVEs are not issued for `url.parse()` vulnerabilities.
produce	Run actions/upload-artifact@ea165f8d65b6e75b540449e92b4886f43607fa02	2026-09-12T12:00:53.8620988Z Uploaded bytes 51307
produce	Run actions/upload-artifact@ea165f8d65b6e75b540449e92b4886f43607fa02	2026-09-12T12:00:53.9400952Z Finished uploading artifact content to blob storage!
produce	Run actions/upload-artifact@ea165f8d65b6e75b540449e92b4886f43607fa02	2026-09-12T12:00:53.9402480Z SHA256 digest of uploaded artifact zip is 48189d6b8b0be427fbac7ced592d83cf98218688136a7728d42e14deecf2b77d
produce	Run actions/upload-artifact@ea165f8d65b6e75b540449e92b4886f43607fa02	2026-09-12T12:00:53.9404345Z Finalizing artifact upload
produce	Run actions/upload-artifact@ea165f8d65b6e75b540449e92b4886f43607fa02	2026-09-12T12:00:54.1921316Z Artifact opp-linux-evidence.zip successfully finalized. Artifact ID 10297650578
produce	Run actions/upload-artifact@ea165f8d65b6e75b540449e92b4886f43607fa02	2026-09-12T12:00:54.1923259Z Artifact opp-linux-evidence has been successfully uploaded! Final size is 51307 bytes. Artifact ID is 10297650578
produce	Run actions/upload-artifact@ea165f8d65b6e75b540449e92b4886f43607fa02	2026-09-12T12:00:54.1930982Z Artifact download URL: https://github.com/xingxuling/TINP/actions/runs/34692507409/artifacts/10297650578
produce	Post Run actions/setup-python@a26af69be951a213d495a4c3e4e4022e16d87065	﻿2026-09-12T12:00:54.2118391Z Node 20 is being deprecated. This workflow is running with Node 24 by default. If you need to temporarily use Node 20, you can set the ACTIONS_ALLOW_USE_UNSECURE_NODE_VERSION=true environment variable. For more information see: https://github.blog/changelog/2025-09-19-deprecation-of-node-20-on-github-actions-runners/
produce	Post Run actions/setup-python@a26af69be951a213d495a4c3e4e4022e16d87065	2026-09-12T12:00:54.2119675Z Post job cleanup.
produce	Post Run actions/setup-python@a26af69be951a213d495a4c3e4e4022e16d87065	2026-09-12T12:00:54.3394384Z (node:2467) [DEP0040] DeprecationWarning: The `punycode` module is deprecated. Please use a userland alternative instead.
produce	Post Run actions/setup-python@a26af69be951a213d495a4c3e4e4022e16d87065	2026-09-12T12:00:54.3395467Z (Use `node --trace-deprecation ...` to show where the warning was created)
produce	Post Run actions/checkout@11d5960a326750d5838078e36cf38b85af677262	﻿2026-09-12T12:00:54.3601325Z Node 20 is being deprecated. This workflow is running with Node 24 by default. If you need to temporarily use Node 20, you can set the ACTIONS_ALLOW_USE_UNSECURE_NODE_VERSION=true environment variable. For more information see: https://github.blog/changelog/2025-09-19-deprecation-of-node-20-on-github-actions-runners/
produce	Post Run actions/checkout@11d5960a326750d5838078e36cf38b85af677262	2026-09-12T12:00:54.3602617Z Post job cleanup.
produce	Post Run actions/checkout@11d5960a326750d5838078e36cf38b85af677262	2026-09-12T12:00:54.4596654Z [command]/usr/bin/git version
produce	Post Run actions/checkout@11d5960a326750d5838078e36cf38b85af677262	2026-09-12T12:00:54.4629184Z git version 2.55.0
produce	Post Run actions/checkout@11d5960a326750d5838078e36cf38b85af677262	2026-09-12T12:00:54.4676933Z Temporarily overriding HOME='/home/runner/work/_temp/43d26609-f9b4-4076-bd7b-46b54ab25727' before making global git config changes
produce	Post Run actions/checkout@11d5960a326750d5838078e36cf38b85af677262	2026-09-12T12:00:54.4678740Z Adding repository directory to the temporary git global config as a safe directory
produce	Post Run actions/checkout@11d5960a326750d5838078e36cf38b85af677262	2026-09-12T12:00:54.4684392Z [command]/usr/bin/git config --global --add safe.directory /home/runner/work/TINP/TINP
produce	Post Run actions/checkout@11d5960a326750d5838078e36cf38b85af677262	2026-09-12T12:00:54.4738348Z [command]/usr/bin/git config --local --name-only --get-regexp core\.sshCommand
produce	Post Run actions/checkout@11d5960a326750d5838078e36cf38b85af677262	2026-09-12T12:00:54.4783382Z [command]/usr/bin/git submodule foreach --recursive sh -c "git config --local --name-only --get-regexp 'core\.sshCommand' && git config --local --unset-all 'core.sshCommand' || :"
produce	Post Run actions/checkout@11d5960a326750d5838078e36cf38b85af677262	2026-09-12T12:00:54.5058851Z [command]/usr/bin/git config --local --name-only --get-regexp http\.https\:\/\/github\.com\/\.extraheader
produce	Post Run actions/checkout@11d5960a326750d5838078e36cf38b85af677262	2026-09-12T12:00:54.5100469Z [command]/usr/bin/git submodule foreach --recursive sh -c "git config --local --name-only --get-regexp 'http\.https\:\/\/github\.com\/\.extraheader' && git config --local --unset-all 'http.https://github.com/.extraheader' || :"
produce	Post Run actions/checkout@11d5960a326750d5838078e36cf38b85af677262	2026-09-12T12:00:54.5395271Z [command]/usr/bin/git config --local --name-only --get-regexp ^includeIf\.gitdir:
produce	Post Run actions/checkout@11d5960a326750d5838078e36cf38b85af677262	2026-09-12T12:00:54.5433797Z [command]/usr/bin/git submodule foreach --recursive git config --local --show-origin --name-only --get-regexp remote.origin.url
produce	Complete job	﻿2026-09-12T12:00:54.5870365Z Evaluate and set job outputs
produce	Complete job	2026-09-12T12:00:54.5879248Z Set output 'summary-hash'
produce	Complete job	2026-09-12T12:00:54.5881529Z Cleaning up orphan processes
produce	Complete job	2026-09-12T12:00:54.6203011Z ##[warning]Node.js 20 is deprecated. The following actions target Node.js 20 but are being forced to run on Node.js 24: actions/checkout@11d5960a326750d5838078e36cf38b85af677262, actions/setup-python@a26af69be951a213d495a4c3e4e4022e16d87065, actions/upload-artifact@ea165f8d65b6e75b540449e92b4886f43607fa02. For more information see: https://github.blog/changelog/2025-09-19-deprecation-of-node-20-on-github-actions-runners/
verify (windows-latest)	Set up job	﻿2026-09-12T12:00:59.2948575Z Current runner version: '2.337.0'
verify (windows-latest)	Set up job	2026-09-12T12:00:59.3006485Z ##[group]Runner Image Provisioner
verify (windows-latest)	Set up job	2026-09-12T12:00:59.3007663Z Hosted Compute Agent
verify (windows-latest)	Set up job	2026-09-12T12:00:59.3008502Z Version: 20260828.587
verify (windows-latest)	Set up job	2026-09-12T12:00:59.3009906Z Commit: abac92662cab4cc7352de4f9f9d2e2419aad9c29
verify (windows-latest)	Set up job	2026-09-12T12:00:59.3011069Z Build Date: 2026-08-28T16:44:25Z
verify (windows-latest)	Set up job	2026-09-12T12:00:59.3011982Z Worker ID: {d4b9c65b-50d9-49cf-bf18-55126376a327}
verify (windows-latest)	Set up job	2026-09-12T12:00:59.3012906Z Azure Region: eastus2
verify (windows-latest)	Set up job	2026-09-12T12:00:59.3013695Z ##[endgroup]
verify (windows-latest)	Set up job	2026-09-12T12:00:59.3016267Z ##[group]Operating System
verify (windows-latest)	Set up job	2026-09-12T12:00:59.3017211Z Microsoft Windows Server 2025
verify (windows-latest)	Set up job	2026-09-12T12:00:59.3018100Z 10.0.26100
verify (windows-latest)	Set up job	2026-09-12T12:00:59.3018791Z Datacenter
verify (windows-latest)	Set up job	2026-09-12T12:00:59.3019490Z ##[endgroup]
verify (windows-latest)	Set up job	2026-09-12T12:00:59.3020195Z ##[group]Runner Image
verify (windows-latest)	Set up job	2026-09-12T12:00:59.3021068Z Image: windows-2025-vs2026
verify (windows-latest)	Set up job	2026-09-12T12:00:59.3021848Z Version: 20260907.229.1
verify (windows-latest)	Set up job	2026-09-12T12:00:59.3023537Z Included Software: https://github.com/actions/runner-images/blob/win25-vs2026/20260907.229/images/windows/Windows2025-VS2026-Readme.md
verify (windows-latest)	Set up job	2026-09-12T12:00:59.3026557Z Image Release: https://github.com/actions/runner-images/releases/tag/win25-vs2026%2F20260907.229
verify (windows-latest)	Set up job	2026-09-12T12:00:59.3028222Z ##[endgroup]
verify (windows-latest)	Set up job	2026-09-12T12:00:59.3030360Z ##[group]GITHUB_TOKEN Permissions
verify (windows-latest)	Set up job	2026-09-12T12:00:59.3033012Z Contents: read
verify (windows-latest)	Set up job	2026-09-12T12:00:59.3033829Z Metadata: read
verify (windows-latest)	Set up job	2026-09-12T12:00:59.3034564Z ##[endgroup]
verify (windows-latest)	Set up job	2026-09-12T12:00:59.3037315Z Secret source: Actions
verify (windows-latest)	Set up job	2026-09-12T12:00:59.3038556Z Cache mode: write
verify (windows-latest)	Set up job	2026-09-12T12:00:59.3039626Z Prepare workflow directory
verify (windows-latest)	Set up job	2026-09-12T12:00:59.3427408Z Prepare all required actions
verify (windows-latest)	Set up job	2026-09-12T12:00:59.3475652Z Getting action download info
verify (windows-latest)	Set up job	2026-09-12T12:00:59.5500181Z Download action repository 'actions/checkout@11d5960a326750d5838078e36cf38b85af677262' (SHA:11d5960a326750d5838078e36cf38b85af677262)
verify (windows-latest)	Set up job	2026-09-12T12:00:59.6770638Z Download action repository 'actions/setup-node@49933ea5288caeca8642d1e84afbd3f7d6820020' (SHA:49933ea5288caeca8642d1e84afbd3f7d6820020)
verify (windows-latest)	Set up job	2026-09-12T12:00:59.8324317Z Download action repository 'actions/download-artifact@d3f86a106a0bac45b974a628896c90dbdf5c8093' (SHA:d3f86a106a0bac45b974a628896c90dbdf5c8093)
verify (windows-latest)	Set up job	2026-09-12T12:01:00.1054544Z Download action repository 'actions/upload-artifact@ea165f8d65b6e75b540449e92b4886f43607fa02' (SHA:ea165f8d65b6e75b540449e92b4886f43607fa02)
verify (windows-latest)	Set up job	2026-09-12T12:01:00.4194786Z Complete job name: verify (windows-latest)
verify (windows-latest)	Run actions/checkout@11d5960a326750d5838078e36cf38b85af677262	﻿2026-09-12T12:01:00.5523149Z Node 20 is being deprecated. This workflow is running with Node 24 by default. If you need to temporarily use Node 20, you can set the ACTIONS_ALLOW_USE_UNSECURE_NODE_VERSION=true environment variable. For more information see: https://github.blog/changelog/2025-09-19-deprecation-of-node-20-on-github-actions-runners/
verify (windows-latest)	Run actions/checkout@11d5960a326750d5838078e36cf38b85af677262	2026-09-12T12:01:00.5532671Z ##[group]Run actions/checkout@11d5960a326750d5838078e36cf38b85af677262
verify (windows-latest)	Run actions/checkout@11d5960a326750d5838078e36cf38b85af677262	2026-09-12T12:01:00.5533520Z with:
verify (windows-latest)	Run actions/checkout@11d5960a326750d5838078e36cf38b85af677262	2026-09-12T12:01:00.5533920Z   persist-credentials: false
verify (windows-latest)	Run actions/checkout@11d5960a326750d5838078e36cf38b85af677262	2026-09-12T12:01:00.5534421Z   repository: xingxuling/TINP
verify (windows-latest)	Run actions/checkout@11d5960a326750d5838078e36cf38b85af677262	2026-09-12T12:01:00.5538578Z   token: ***
verify (windows-latest)	Run actions/checkout@11d5960a326750d5838078e36cf38b85af677262	2026-09-12T12:01:00.5538975Z   ssh-strict: true
verify (windows-latest)	Run actions/checkout@11d5960a326750d5838078e36cf38b85af677262	2026-09-12T12:01:00.5539374Z   ssh-user: git
verify (windows-latest)	Run actions/checkout@11d5960a326750d5838078e36cf38b85af677262	2026-09-12T12:01:00.5539747Z   clean: true
verify (windows-latest)	Run actions/checkout@11d5960a326750d5838078e36cf38b85af677262	2026-09-12T12:01:00.5540156Z   sparse-checkout-cone-mode: true
verify (windows-latest)	Run actions/checkout@11d5960a326750d5838078e36cf38b85af677262	2026-09-12T12:01:00.5540838Z   fetch-depth: 1
verify (windows-latest)	Run actions/checkout@11d5960a326750d5838078e36cf38b85af677262	2026-09-12T12:01:00.5541230Z   fetch-tags: false
verify (windows-latest)	Run actions/checkout@11d5960a326750d5838078e36cf38b85af677262	2026-09-12T12:01:00.5541633Z   show-progress: true
verify (windows-latest)	Run actions/checkout@11d5960a326750d5838078e36cf38b85af677262	2026-09-12T12:01:00.5542027Z   lfs: false
verify (windows-latest)	Run actions/checkout@11d5960a326750d5838078e36cf38b85af677262	2026-09-12T12:01:00.5542430Z   submodules: false
verify (windows-latest)	Run actions/checkout@11d5960a326750d5838078e36cf38b85af677262	2026-09-12T12:01:00.5542832Z   set-safe-directory: true
verify (windows-latest)	Run actions/checkout@11d5960a326750d5838078e36cf38b85af677262	2026-09-12T12:01:00.5543292Z   allow-unsafe-pr-checkout: false
verify (windows-latest)	Run actions/checkout@11d5960a326750d5838078e36cf38b85af677262	2026-09-12T12:01:00.5544019Z ##[endgroup]
verify (windows-latest)	Run actions/checkout@11d5960a326750d5838078e36cf38b85af677262	2026-09-12T12:01:00.7019300Z Syncing repository: xingxuling/TINP
verify (windows-latest)	Run actions/checkout@11d5960a326750d5838078e36cf38b85af677262	2026-09-12T12:01:00.7021064Z ##[group]Getting Git version info
verify (windows-latest)	Run actions/checkout@11d5960a326750d5838078e36cf38b85af677262	2026-09-12T12:01:00.7021634Z Working directory is 'D:\a\TINP\TINP'
verify (windows-latest)	Run actions/checkout@11d5960a326750d5838078e36cf38b85af677262	2026-09-12T12:01:00.7736879Z [command]"C:\Program Files\Git\bin\git.exe" version
verify (windows-latest)	Run actions/checkout@11d5960a326750d5838078e36cf38b85af677262	2026-09-12T12:01:01.0991626Z git version 2.55.0.windows.5
verify (windows-latest)	Run actions/checkout@11d5960a326750d5838078e36cf38b85af677262	2026-09-12T12:01:01.1041132Z ##[endgroup]
verify (windows-latest)	Run actions/checkout@11d5960a326750d5838078e36cf38b85af677262	2026-09-12T12:01:01.1061591Z Temporarily overriding HOME='D:\a\_temp\2b10e3ae-e433-4a2b-9702-276ae3a7cd32' before making global git config changes
verify (windows-latest)	Run actions/checkout@11d5960a326750d5838078e36cf38b85af677262	2026-09-12T12:01:01.1063661Z Adding repository directory to the temporary git global config as a safe directory
verify (windows-latest)	Run actions/checkout@11d5960a326750d5838078e36cf38b85af677262	2026-09-12T12:01:01.1072154Z [command]"C:\Program Files\Git\bin\git.exe" config --global --add safe.directory D:\a\TINP\TINP
verify (windows-latest)	Run actions/checkout@11d5960a326750d5838078e36cf38b85af677262	2026-09-12T12:01:01.1759288Z Deleting the contents of 'D:\a\TINP\TINP'
verify (windows-latest)	Run actions/checkout@11d5960a326750d5838078e36cf38b85af677262	2026-09-12T12:01:01.1765948Z ##[group]Initializing the repository
verify (windows-latest)	Run actions/checkout@11d5960a326750d5838078e36cf38b85af677262	2026-09-12T12:01:01.1775079Z [command]"C:\Program Files\Git\bin\git.exe" init D:\a\TINP\TINP
verify (windows-latest)	Run actions/checkout@11d5960a326750d5838078e36cf38b85af677262	2026-09-12T12:01:01.2563214Z Initialized empty Git repository in D:/a/TINP/TINP/.git/
verify (windows-latest)	Run actions/checkout@11d5960a326750d5838078e36cf38b85af677262	2026-09-12T12:01:01.2620088Z [command]"C:\Program Files\Git\bin\git.exe" remote add origin https://github.com/xingxuling/TINP
verify (windows-latest)	Run actions/checkout@11d5960a326750d5838078e36cf38b85af677262	2026-09-12T12:01:01.3259573Z ##[endgroup]
verify (windows-latest)	Run actions/checkout@11d5960a326750d5838078e36cf38b85af677262	2026-09-12T12:01:01.3262129Z ##[group]Disabling automatic garbage collection
verify (windows-latest)	Run actions/checkout@11d5960a326750d5838078e36cf38b85af677262	2026-09-12T12:01:01.3270924Z [command]"C:\Program Files\Git\bin\git.exe" config --local gc.auto 0
verify (windows-latest)	Run actions/checkout@11d5960a326750d5838078e36cf38b85af677262	2026-09-12T12:01:01.3624527Z ##[endgroup]
verify (windows-latest)	Run actions/checkout@11d5960a326750d5838078e36cf38b85af677262	2026-09-12T12:01:01.3627313Z ##[group]Setting up auth
verify (windows-latest)	Run actions/checkout@11d5960a326750d5838078e36cf38b85af677262	2026-09-12T12:01:01.3633978Z [command]"C:\Program Files\Git\bin\git.exe" config --local --name-only --get-regexp core\.sshCommand
verify (windows-latest)	Run actions/checkout@11d5960a326750d5838078e36cf38b85af677262	2026-09-12T12:01:01.3986982Z [command]"C:\Program Files\Git\bin\git.exe" submodule foreach --recursive "sh -c \"git config --local --name-only --get-regexp 'core\.sshCommand' && git config --local --unset-all 'core.sshCommand' || :\""
verify (windows-latest)	Run actions/checkout@11d5960a326750d5838078e36cf38b85af677262	2026-09-12T12:01:02.7735251Z [command]"C:\Program Files\Git\bin\git.exe" config --local --name-only --get-regexp http\.https\:\/\/github\.com\/\.extraheader
verify (windows-latest)	Run actions/checkout@11d5960a326750d5838078e36cf38b85af677262	2026-09-12T12:01:02.8050908Z [command]"C:\Program Files\Git\bin\git.exe" submodule foreach --recursive "sh -c \"git config --local --name-only --get-regexp 'http\.https\:\/\/github\.com\/\.extraheader' && git config --local --unset-all 'http.https://github.com/.extraheader' || :\""
verify (windows-latest)	Run actions/checkout@11d5960a326750d5838078e36cf38b85af677262	2026-09-12T12:01:03.3551762Z [command]"C:\Program Files\Git\bin\git.exe" config --local --name-only --get-regexp ^includeIf\.gitdir:
verify (windows-latest)	Run actions/checkout@11d5960a326750d5838078e36cf38b85af677262	2026-09-12T12:01:03.3874664Z [command]"C:\Program Files\Git\bin\git.exe" submodule foreach --recursive "git config --local --show-origin --name-only --get-regexp remote.origin.url"
verify (windows-latest)	Run actions/checkout@11d5960a326750d5838078e36cf38b85af677262	2026-09-12T12:01:03.9130737Z [command]"C:\Program Files\Git\bin\git.exe" config --local http.https://github.com/.extraheader "AUTHORIZATION: basic ***"
verify (windows-latest)	Run actions/checkout@11d5960a326750d5838078e36cf38b85af677262	2026-09-12T12:01:03.9445509Z ##[endgroup]
verify (windows-latest)	Run actions/checkout@11d5960a326750d5838078e36cf38b85af677262	2026-09-12T12:01:03.9449246Z ##[group]Fetching the repository
verify (windows-latest)	Run actions/checkout@11d5960a326750d5838078e36cf38b85af677262	2026-09-12T12:01:03.9459625Z [command]"C:\Program Files\Git\bin\git.exe" -c protocol.version=2 fetch --no-tags --prune --no-recurse-submodules --depth=1 origin +692c0e485a8a855d2e6c089de789365f66b4f1e6:refs/remotes/origin/codex/tinp-external-onboarding-v01
verify (windows-latest)	Run actions/checkout@11d5960a326750d5838078e36cf38b85af677262	2026-09-12T12:01:05.2956047Z From https://github.com/xingxuling/TINP
verify (windows-latest)	Run actions/checkout@11d5960a326750d5838078e36cf38b85af677262	2026-09-12T12:01:05.2957519Z  * [new ref]         692c0e485a8a855d2e6c089de789365f66b4f1e6 -> origin/codex/tinp-external-onboarding-v01
verify (windows-latest)	Run actions/checkout@11d5960a326750d5838078e36cf38b85af677262	2026-09-12T12:01:05.3015689Z ##[endgroup]
verify (windows-latest)	Run actions/checkout@11d5960a326750d5838078e36cf38b85af677262	2026-09-12T12:01:05.3016712Z ##[group]Determining the checkout info
verify (windows-latest)	Run actions/checkout@11d5960a326750d5838078e36cf38b85af677262	2026-09-12T12:01:05.3018401Z ##[endgroup]
verify (windows-latest)	Run actions/checkout@11d5960a326750d5838078e36cf38b85af677262	2026-09-12T12:01:05.3031800Z [command]"C:\Program Files\Git\bin\git.exe" sparse-checkout disable
verify (windows-latest)	Run actions/checkout@11d5960a326750d5838078e36cf38b85af677262	2026-09-12T12:01:05.3536823Z [command]"C:\Program Files\Git\bin\git.exe" config --local --unset-all extensions.worktreeConfig
verify (windows-latest)	Run actions/checkout@11d5960a326750d5838078e36cf38b85af677262	2026-09-12T12:01:05.3888118Z ##[group]Checking out the ref
verify (windows-latest)	Run actions/checkout@11d5960a326750d5838078e36cf38b85af677262	2026-09-12T12:01:05.3897460Z [command]"C:\Program Files\Git\bin\git.exe" checkout --progress --force -B codex/tinp-external-onboarding-v01 refs/remotes/origin/codex/tinp-external-onboarding-v01
verify (windows-latest)	Run actions/checkout@11d5960a326750d5838078e36cf38b85af677262	2026-09-12T12:01:05.8212318Z Switched to a new branch 'codex/tinp-external-onboarding-v01'
verify (windows-latest)	Run actions/checkout@11d5960a326750d5838078e36cf38b85af677262	2026-09-12T12:01:05.8269935Z branch 'codex/tinp-external-onboarding-v01' set up to track 'origin/codex/tinp-external-onboarding-v01'.
verify (windows-latest)	Run actions/checkout@11d5960a326750d5838078e36cf38b85af677262	2026-09-12T12:01:05.8442381Z ##[endgroup]
verify (windows-latest)	Run actions/checkout@11d5960a326750d5838078e36cf38b85af677262	2026-09-12T12:01:05.8799300Z [command]"C:\Program Files\Git\bin\git.exe" log -1 --format=%H
verify (windows-latest)	Run actions/checkout@11d5960a326750d5838078e36cf38b85af677262	2026-09-12T12:01:05.9087907Z 692c0e485a8a855d2e6c089de789365f66b4f1e6
verify (windows-latest)	Run actions/checkout@11d5960a326750d5838078e36cf38b85af677262	2026-09-12T12:01:05.9134219Z ##[group]Removing auth
verify (windows-latest)	Run actions/checkout@11d5960a326750d5838078e36cf38b85af677262	2026-09-12T12:01:05.9143338Z [command]"C:\Program Files\Git\bin\git.exe" config --local --name-only --get-regexp core\.sshCommand
verify (windows-latest)	Run actions/checkout@11d5960a326750d5838078e36cf38b85af677262	2026-09-12T12:01:05.9462174Z [command]"C:\Program Files\Git\bin\git.exe" submodule foreach --recursive "sh -c \"git config --local --name-only --get-regexp 'core\.sshCommand' && git config --local --unset-all 'core.sshCommand' || :\""
verify (windows-latest)	Run actions/checkout@11d5960a326750d5838078e36cf38b85af677262	2026-09-12T12:01:06.5252274Z [command]"C:\Program Files\Git\bin\git.exe" config --local --name-only --get-regexp http\.https\:\/\/github\.com\/\.extraheader
verify (windows-latest)	Run actions/checkout@11d5960a326750d5838078e36cf38b85af677262	2026-09-12T12:01:06.5543811Z http.https://github.com/.extraheader
verify (windows-latest)	Run actions/checkout@11d5960a326750d5838078e36cf38b85af677262	2026-09-12T12:01:06.5591671Z [command]"C:\Program Files\Git\bin\git.exe" config --local --unset-all http.https://github.com/.extraheader
verify (windows-latest)	Run actions/checkout@11d5960a326750d5838078e36cf38b85af677262	2026-09-12T12:01:06.5920758Z [command]"C:\Program Files\Git\bin\git.exe" submodule foreach --recursive "sh -c \"git config --local --name-only --get-regexp 'http\.https\:\/\/github\.com\/\.extraheader' && git config --local --unset-all 'http.https://github.com/.extraheader' || :\""
verify (windows-latest)	Run actions/checkout@11d5960a326750d5838078e36cf38b85af677262	2026-09-12T12:01:07.1357409Z [command]"C:\Program Files\Git\bin\git.exe" config --local --name-only --get-regexp ^includeIf\.gitdir:
verify (windows-latest)	Run actions/checkout@11d5960a326750d5838078e36cf38b85af677262	2026-09-12T12:01:07.1673606Z [command]"C:\Program Files\Git\bin\git.exe" submodule foreach --recursive "git config --local --show-origin --name-only --get-regexp remote.origin.url"
verify (windows-latest)	Run actions/checkout@11d5960a326750d5838078e36cf38b85af677262	2026-09-12T12:01:07.7310413Z ##[endgroup]
verify (windows-latest)	Run actions/setup-node@49933ea5288caeca8642d1e84afbd3f7d6820020	﻿2026-09-12T12:01:07.7778529Z Node 20 is being deprecated. This workflow is running with Node 24 by default. If you need to temporarily use Node 20, you can set the ACTIONS_ALLOW_USE_UNSECURE_NODE_VERSION=true environment variable. For more information see: https://github.blog/changelog/2025-09-19-deprecation-of-node-20-on-github-actions-runners/
verify (windows-latest)	Run actions/setup-node@49933ea5288caeca8642d1e84afbd3f7d6820020	2026-09-12T12:01:07.7780823Z ##[group]Run actions/setup-node@49933ea5288caeca8642d1e84afbd3f7d6820020
verify (windows-latest)	Run actions/setup-node@49933ea5288caeca8642d1e84afbd3f7d6820020	2026-09-12T12:01:07.7781199Z with:
verify (windows-latest)	Run actions/setup-node@49933ea5288caeca8642d1e84afbd3f7d6820020	2026-09-12T12:01:07.7781406Z   node-version: 22
verify (windows-latest)	Run actions/setup-node@49933ea5288caeca8642d1e84afbd3f7d6820020	2026-09-12T12:01:07.7781613Z   always-auth: false
verify (windows-latest)	Run actions/setup-node@49933ea5288caeca8642d1e84afbd3f7d6820020	2026-09-12T12:01:07.7781815Z   check-latest: false
verify (windows-latest)	Run actions/setup-node@49933ea5288caeca8642d1e84afbd3f7d6820020	2026-09-12T12:01:07.7784396Z   token: ***
verify (windows-latest)	Run actions/setup-node@49933ea5288caeca8642d1e84afbd3f7d6820020	2026-09-12T12:01:07.7784619Z ##[endgroup]
verify (windows-latest)	Run actions/setup-node@49933ea5288caeca8642d1e84afbd3f7d6820020	2026-09-12T12:01:07.9712224Z Found in cache @ C:\hostedtoolcache\windows\node\22.23.2\x64
verify (windows-latest)	Run actions/setup-node@49933ea5288caeca8642d1e84afbd3f7d6820020	2026-09-12T12:01:07.9721446Z (node:4420) [DEP0040] DeprecationWarning: The `punycode` module is deprecated. Please use a userland alternative instead.
verify (windows-latest)	Run actions/setup-node@49933ea5288caeca8642d1e84afbd3f7d6820020	2026-09-12T12:01:07.9722171Z (Use `node --trace-deprecation ...` to show where the warning was created)
verify (windows-latest)	Run actions/setup-node@49933ea5288caeca8642d1e84afbd3f7d6820020	2026-09-12T12:01:07.9725219Z ##[group]Environment details
verify (windows-latest)	Run actions/setup-node@49933ea5288caeca8642d1e84afbd3f7d6820020	2026-09-12T12:01:11.8675157Z node: v22.23.2
verify (windows-latest)	Run actions/setup-node@49933ea5288caeca8642d1e84afbd3f7d6820020	2026-09-12T12:01:11.8675609Z npm: 10.9.8
verify (windows-latest)	Run actions/setup-node@49933ea5288caeca8642d1e84afbd3f7d6820020	2026-09-12T12:01:11.8675895Z yarn: 1.22.22
verify (windows-latest)	Run actions/setup-node@49933ea5288caeca8642d1e84afbd3f7d6820020	2026-09-12T12:01:11.8676782Z ##[endgroup]
verify (windows-latest)	Run actions/download-artifact@d3f86a106a0bac45b974a628896c90dbdf5c8093	﻿2026-09-12T12:01:11.9042185Z Node 20 is being deprecated. This workflow is running with Node 24 by default. If you need to temporarily use Node 20, you can set the ACTIONS_ALLOW_USE_UNSECURE_NODE_VERSION=true environment variable. For more information see: https://github.blog/changelog/2025-09-19-deprecation-of-node-20-on-github-actions-runners/
verify (windows-latest)	Run actions/download-artifact@d3f86a106a0bac45b974a628896c90dbdf5c8093	2026-09-12T12:01:11.9043766Z ##[group]Run actions/download-artifact@d3f86a106a0bac45b974a628896c90dbdf5c8093
verify (windows-latest)	Run actions/download-artifact@d3f86a106a0bac45b974a628896c90dbdf5c8093	2026-09-12T12:01:11.9044159Z with:
verify (windows-latest)	Run actions/download-artifact@d3f86a106a0bac45b974a628896c90dbdf5c8093	2026-09-12T12:01:11.9044366Z   name: opp-linux-evidence
verify (windows-latest)	Run actions/download-artifact@d3f86a106a0bac45b974a628896c90dbdf5c8093	2026-09-12T12:01:11.9044593Z   path: transferred
verify (windows-latest)	Run actions/download-artifact@d3f86a106a0bac45b974a628896c90dbdf5c8093	2026-09-12T12:01:11.9044797Z   merge-multiple: false
verify (windows-latest)	Run actions/download-artifact@d3f86a106a0bac45b974a628896c90dbdf5c8093	2026-09-12T12:01:11.9045024Z   repository: xingxuling/TINP
verify (windows-latest)	Run actions/download-artifact@d3f86a106a0bac45b974a628896c90dbdf5c8093	2026-09-12T12:01:11.9045257Z   run-id: 34692507409
verify (windows-latest)	Run actions/download-artifact@d3f86a106a0bac45b974a628896c90dbdf5c8093	2026-09-12T12:01:11.9045455Z ##[endgroup]
verify (windows-latest)	Run actions/download-artifact@d3f86a106a0bac45b974a628896c90dbdf5c8093	2026-09-12T12:01:12.0958866Z Downloading single artifact
verify (windows-latest)	Run actions/download-artifact@d3f86a106a0bac45b974a628896c90dbdf5c8093	2026-09-12T12:01:12.1182939Z (node:6016) [DEP0040] DeprecationWarning: The `punycode` module is deprecated. Please use a userland alternative instead.
verify (windows-latest)	Run actions/download-artifact@d3f86a106a0bac45b974a628896c90dbdf5c8093	2026-09-12T12:01:12.1184269Z (Use `node --trace-deprecation ...` to show where the warning was created)
verify (windows-latest)	Run actions/download-artifact@d3f86a106a0bac45b974a628896c90dbdf5c8093	2026-09-12T12:01:12.1900545Z Preparing to download the following artifacts:
verify (windows-latest)	Run actions/download-artifact@d3f86a106a0bac45b974a628896c90dbdf5c8093	2026-09-12T12:01:12.1901459Z - opp-linux-evidence (ID: 10297650578, Size: 51307, Expected Digest: sha256:48189d6b8b0be427fbac7ced592d83cf98218688136a7728d42e14deecf2b77d)
verify (windows-latest)	Run actions/download-artifact@d3f86a106a0bac45b974a628896c90dbdf5c8093	2026-09-12T12:01:12.3131416Z Redirecting to blob download url: https://productionresultssa4.blob.core.windows.net/actions-results/306993ce-3348-4968-b618-ce5a0d2e22d1/workflow-job-run-ccafd0b3-418e-5756-afd5-0ba5218cbadd/artifacts/d75f2d205385ccdec3afdd3f2d80e3996f19d32b8d5e502fcb046e8e520d8bb4.zip
verify (windows-latest)	Run actions/download-artifact@d3f86a106a0bac45b974a628896c90dbdf5c8093	2026-09-12T12:01:12.3132863Z Starting download of artifact to: D:\a\TINP\TINP\transferred
verify (windows-latest)	Run actions/download-artifact@d3f86a106a0bac45b974a628896c90dbdf5c8093	2026-09-12T12:01:12.3581922Z (node:6016) [DEP0005] DeprecationWarning: Buffer() is deprecated due to security and usability issues. Please use the Buffer.alloc(), Buffer.allocUnsafe(), or Buffer.from() methods instead.
verify (windows-latest)	Run actions/download-artifact@d3f86a106a0bac45b974a628896c90dbdf5c8093	2026-09-12T12:01:12.3837557Z SHA256 digest of downloaded artifact is 48189d6b8b0be427fbac7ced592d83cf98218688136a7728d42e14deecf2b77d
verify (windows-latest)	Run actions/download-artifact@d3f86a106a0bac45b974a628896c90dbdf5c8093	2026-09-12T12:01:12.3838718Z Artifact download completed successfully.
verify (windows-latest)	Run actions/download-artifact@d3f86a106a0bac45b974a628896c90dbdf5c8093	2026-09-12T12:01:12.3839250Z Total of 1 artifact(s) downloaded
verify (windows-latest)	Run actions/download-artifact@d3f86a106a0bac45b974a628896c90dbdf5c8093	2026-09-12T12:01:12.3846630Z Download artifact has finished successfully
verify (windows-latest)	Verify roots, actual library receipts, recovery and tamper rejection	﻿2026-09-12T12:01:12.4175263Z ##[group]Run node scripts/verify-external-batch.mjs transferred acceptance.json "$EXPECTED_SUMMARY_SHA256"
verify (windows-latest)	Verify roots, actual library receipts, recovery and tamper rejection	2026-09-12T12:01:12.4176223Z ^[[36;1mnode scripts/verify-external-batch.mjs transferred acceptance.json "$EXPECTED_SUMMARY_SHA256"^[[0m
verify (windows-latest)	Verify roots, actual library receipts, recovery and tamper rejection	2026-09-12T12:01:12.4194622Z shell: C:\Program Files\Git\bin\bash.EXE --noprofile --norc -e -o pipefail {0}
verify (windows-latest)	Verify roots, actual library receipts, recovery and tamper rejection	2026-09-12T12:01:12.4195038Z env:
verify (windows-latest)	Verify roots, actual library receipts, recovery and tamper rejection	2026-09-12T12:01:12.4195422Z   EXPECTED_SUMMARY_SHA256: 4cfbfe16c83fc2bfe8f3ba68b6f232736a7c1b6a9bbf9058512985f17a91be5c
verify (windows-latest)	Verify roots, actual library receipts, recovery and tamper rejection	2026-09-12T12:01:12.4195881Z ##[endgroup]
verify (windows-latest)	Verify roots, actual library receipts, recovery and tamper rejection	2026-09-12T12:01:12.7414432Z {"status":"PASS","projects":3,"platform":"win32"}
verify (windows-latest)	Run actions/upload-artifact@ea165f8d65b6e75b540449e92b4886f43607fa02	﻿2026-09-12T12:01:12.7796813Z Node 20 is being deprecated. This workflow is running with Node 24 by default. If you need to temporarily use Node 20, you can set the ACTIONS_ALLOW_USE_UNSECURE_NODE_VERSION=true environment variable. For more information see: https://github.blog/changelog/2025-09-19-deprecation-of-node-20-on-github-actions-runners/
verify (windows-latest)	Run actions/upload-artifact@ea165f8d65b6e75b540449e92b4886f43607fa02	2026-09-12T12:01:12.7798719Z ##[group]Run actions/upload-artifact@ea165f8d65b6e75b540449e92b4886f43607fa02
verify (windows-latest)	Run actions/upload-artifact@ea165f8d65b6e75b540449e92b4886f43607fa02	2026-09-12T12:01:12.7799134Z with:
verify (windows-latest)	Run actions/upload-artifact@ea165f8d65b6e75b540449e92b4886f43607fa02	2026-09-12T12:01:12.7799357Z   name: tinp-acceptance-windows-latest
verify (windows-latest)	Run actions/upload-artifact@ea165f8d65b6e75b540449e92b4886f43607fa02	2026-09-12T12:01:12.7799641Z   path: acceptance.json
verify (windows-latest)	Run actions/upload-artifact@ea165f8d65b6e75b540449e92b4886f43607fa02	2026-09-12T12:01:12.7799881Z   if-no-files-found: error
verify (windows-latest)	Run actions/upload-artifact@ea165f8d65b6e75b540449e92b4886f43607fa02	2026-09-12T12:01:12.7800112Z   retention-days: 14
verify (windows-latest)	Run actions/upload-artifact@ea165f8d65b6e75b540449e92b4886f43607fa02	2026-09-12T12:01:12.7800317Z   compression-level: 6
verify (windows-latest)	Run actions/upload-artifact@ea165f8d65b6e75b540449e92b4886f43607fa02	2026-09-12T12:01:12.7800524Z   overwrite: false
verify (windows-latest)	Run actions/upload-artifact@ea165f8d65b6e75b540449e92b4886f43607fa02	2026-09-12T12:01:12.7800724Z   include-hidden-files: false
verify (windows-latest)	Run actions/upload-artifact@ea165f8d65b6e75b540449e92b4886f43607fa02	2026-09-12T12:01:12.7800974Z ##[endgroup]
verify (windows-latest)	Run actions/upload-artifact@ea165f8d65b6e75b540449e92b4886f43607fa02	2026-09-12T12:01:12.9885448Z (node:4700) [DEP0040] DeprecationWarning: The `punycode` module is deprecated. Please use a userland alternative instead.
verify (windows-latest)	Run actions/upload-artifact@ea165f8d65b6e75b540449e92b4886f43607fa02	2026-09-12T12:01:12.9887003Z (Use `node --trace-deprecation ...` to show where the warning was created)
verify (windows-latest)	Run actions/upload-artifact@ea165f8d65b6e75b540449e92b4886f43607fa02	2026-09-12T12:01:12.9951529Z With the provided path, there will be 1 file uploaded
verify (windows-latest)	Run actions/upload-artifact@ea165f8d65b6e75b540449e92b4886f43607fa02	2026-09-12T12:01:12.9958362Z Artifact name is valid!
verify (windows-latest)	Run actions/upload-artifact@ea165f8d65b6e75b540449e92b4886f43607fa02	2026-09-12T12:01:12.9960430Z Root directory input is valid!
verify (windows-latest)	Run actions/upload-artifact@ea165f8d65b6e75b540449e92b4886f43607fa02	2026-09-12T12:01:13.2157087Z Beginning upload of artifact content to blob storage
verify (windows-latest)	Run actions/upload-artifact@ea165f8d65b6e75b540449e92b4886f43607fa02	2026-09-12T12:01:13.2362039Z (node:4700) [DEP0169] DeprecationWarning: `url.parse()` behavior is not standardized and prone to errors that have security implications. Use the WHATWG URL API instead. CVEs are not issued for `url.parse()` vulnerabilities.
verify (windows-latest)	Run actions/upload-artifact@ea165f8d65b6e75b540449e92b4886f43607fa02	2026-09-12T12:01:13.2838536Z Uploaded bytes 1130
verify (windows-latest)	Run actions/upload-artifact@ea165f8d65b6e75b540449e92b4886f43607fa02	2026-09-12T12:01:13.3055608Z Finished uploading artifact content to blob storage!
verify (windows-latest)	Run actions/upload-artifact@ea165f8d65b6e75b540449e92b4886f43607fa02	2026-09-12T12:01:13.3056928Z SHA256 digest of uploaded artifact zip is a3e0a9efb3d563d2d6c31a7c7447b5c9e69b865fc5726e459c68601fd5455e30
verify (windows-latest)	Run actions/upload-artifact@ea165f8d65b6e75b540449e92b4886f43607fa02	2026-09-12T12:01:13.3059401Z Finalizing artifact upload
verify (windows-latest)	Run actions/upload-artifact@ea165f8d65b6e75b540449e92b4886f43607fa02	2026-09-12T12:01:13.5057865Z Artifact tinp-acceptance-windows-latest.zip successfully finalized. Artifact ID 10297975980
verify (windows-latest)	Run actions/upload-artifact@ea165f8d65b6e75b540449e92b4886f43607fa02	2026-09-12T12:01:13.5059439Z Artifact tinp-acceptance-windows-latest has been successfully uploaded! Final size is 1130 bytes. Artifact ID is 10297975980
verify (windows-latest)	Run actions/upload-artifact@ea165f8d65b6e75b540449e92b4886f43607fa02	2026-09-12T12:01:13.5069830Z Artifact download URL: https://github.com/xingxuling/TINP/actions/runs/34692507409/artifacts/10297975980
verify (windows-latest)	Post Run actions/setup-node@49933ea5288caeca8642d1e84afbd3f7d6820020	﻿2026-09-12T12:01:13.5439062Z Node 20 is being deprecated. This workflow is running with Node 24 by default. If you need to temporarily use Node 20, you can set the ACTIONS_ALLOW_USE_UNSECURE_NODE_VERSION=true environment variable. For more information see: https://github.blog/changelog/2025-09-19-deprecation-of-node-20-on-github-actions-runners/
verify (windows-latest)	Post Run actions/setup-node@49933ea5288caeca8642d1e84afbd3f7d6820020	2026-09-12T12:01:13.5440602Z Post job cleanup.
verify (windows-latest)	Post Run actions/setup-node@49933ea5288caeca8642d1e84afbd3f7d6820020	2026-09-12T12:01:13.7017488Z (node:8848) [DEP0040] DeprecationWarning: The `punycode` module is deprecated. Please use a userland alternative instead.
verify (windows-latest)	Post Run actions/setup-node@49933ea5288caeca8642d1e84afbd3f7d6820020	2026-09-12T12:01:13.7018358Z (Use `node --trace-deprecation ...` to show where the warning was created)
verify (windows-latest)	Post Run actions/checkout@11d5960a326750d5838078e36cf38b85af677262	﻿2026-09-12T12:01:13.7349924Z Node 20 is being deprecated. This workflow is running with Node 24 by default. If you need to temporarily use Node 20, you can set the ACTIONS_ALLOW_USE_UNSECURE_NODE_VERSION=true environment variable. For more information see: https://github.blog/changelog/2025-09-19-deprecation-of-node-20-on-github-actions-runners/
verify (windows-latest)	Post Run actions/checkout@11d5960a326750d5838078e36cf38b85af677262	2026-09-12T12:01:13.7351282Z Post job cleanup.
verify (windows-latest)	Post Run actions/checkout@11d5960a326750d5838078e36cf38b85af677262	2026-09-12T12:01:13.9406796Z [command]"C:\Program Files\Git\bin\git.exe" version
verify (windows-latest)	Post Run actions/checkout@11d5960a326750d5838078e36cf38b85af677262	2026-09-12T12:01:13.9714096Z git version 2.55.0.windows.5
verify (windows-latest)	Post Run actions/checkout@11d5960a326750d5838078e36cf38b85af677262	2026-09-12T12:01:13.9787148Z Temporarily overriding HOME='D:\a\_temp\b64a3d89-5918-48d8-9526-7319d90aa9ab' before making global git config changes
verify (windows-latest)	Post Run actions/checkout@11d5960a326750d5838078e36cf38b85af677262	2026-09-12T12:01:13.9788580Z Adding repository directory to the temporary git global config as a safe directory
verify (windows-latest)	Post Run actions/checkout@11d5960a326750d5838078e36cf38b85af677262	2026-09-12T12:01:13.9802043Z [command]"C:\Program Files\Git\bin\git.exe" config --global --add safe.directory D:\a\TINP\TINP
verify (windows-latest)	Post Run actions/checkout@11d5960a326750d5838078e36cf38b85af677262	2026-09-12T12:01:14.0148577Z [command]"C:\Program Files\Git\bin\git.exe" config --local --name-only --get-regexp core\.sshCommand
verify (windows-latest)	Post Run actions/checkout@11d5960a326750d5838078e36cf38b85af677262	2026-09-12T12:01:14.0484634Z [command]"C:\Program Files\Git\bin\git.exe" submodule foreach --recursive "sh -c \"git config --local --name-only --get-regexp 'core\.sshCommand' && git config --local --unset-all 'core.sshCommand' || :\""
verify (windows-latest)	Post Run actions/checkout@11d5960a326750d5838078e36cf38b85af677262	2026-09-12T12:01:14.6187934Z [command]"C:\Program Files\Git\bin\git.exe" config --local --name-only --get-regexp http\.https\:\/\/github\.com\/\.extraheader
verify (windows-latest)	Post Run actions/checkout@11d5960a326750d5838078e36cf38b85af677262	2026-09-12T12:01:14.6561039Z [command]"C:\Program Files\Git\bin\git.exe" submodule foreach --recursive "sh -c \"git config --local --name-only --get-regexp 'http\.https\:\/\/github\.com\/\.extraheader' && git config --local --unset-all 'http.https://github.com/.extraheader' || :\""
verify (windows-latest)	Post Run actions/checkout@11d5960a326750d5838078e36cf38b85af677262	2026-09-12T12:01:15.2142252Z [command]"C:\Program Files\Git\bin\git.exe" config --local --name-only --get-regexp ^includeIf\.gitdir:
verify (windows-latest)	Post Run actions/checkout@11d5960a326750d5838078e36cf38b85af677262	2026-09-12T12:01:15.2465004Z [command]"C:\Program Files\Git\bin\git.exe" submodule foreach --recursive "git config --local --show-origin --name-only --get-regexp remote.origin.url"
verify (windows-latest)	Complete job	﻿2026-09-12T12:01:15.8100910Z Cleaning up orphan processes
verify (windows-latest)	Complete job	2026-09-12T12:01:15.8149253Z ##[warning]Node.js 20 is deprecated. The following actions target Node.js 20 but are being forced to run on Node.js 24: actions/checkout@11d5960a326750d5838078e36cf38b85af677262, actions/download-artifact@d3f86a106a0bac45b974a628896c90dbdf5c8093, actions/setup-node@49933ea5288caeca8642d1e84afbd3f7d6820020, actions/upload-artifact@ea165f8d65b6e75b540449e92b4886f43607fa02. For more information see: https://github.blog/changelog/2025-09-19-deprecation-of-node-20-on-github-actions-runners/
verify (ubuntu-latest)	Set up job	﻿2026-09-12T12:00:59.8099263Z Current runner version: '2.337.0'
verify (ubuntu-latest)	Set up job	2026-09-12T12:00:59.8124029Z ##[group]Runner Image Provisioner
verify (ubuntu-latest)	Set up job	2026-09-12T12:00:59.8124926Z Hosted Compute Agent
verify (ubuntu-latest)	Set up job	2026-09-12T12:00:59.8125523Z Version: 20260828.587
verify (ubuntu-latest)	Set up job	2026-09-12T12:00:59.8126111Z Commit: abac92662cab4cc7352de4f9f9d2e2419aad9c29
verify (ubuntu-latest)	Set up job	2026-09-12T12:00:59.8126787Z Build Date: 2026-08-28T16:44:25Z
verify (ubuntu-latest)	Set up job	2026-09-12T12:00:59.8127437Z Worker ID: {a5380fb3-9746-47c8-bc1e-abf07b368f74}
verify (ubuntu-latest)	Set up job	2026-09-12T12:00:59.8128086Z Azure Region: westus3
verify (ubuntu-latest)	Set up job	2026-09-12T12:00:59.8128611Z ##[endgroup]
verify (ubuntu-latest)	Set up job	2026-09-12T12:00:59.8130099Z ##[group]Operating System
verify (ubuntu-latest)	Set up job	2026-09-12T12:00:59.8130684Z Ubuntu
verify (ubuntu-latest)	Set up job	2026-09-12T12:00:59.8131226Z 24.04.5
verify (ubuntu-latest)	Set up job	2026-09-12T12:00:59.8131698Z LTS
verify (ubuntu-latest)	Set up job	2026-09-12T12:00:59.8132178Z ##[endgroup]
verify (ubuntu-latest)	Set up job	2026-09-12T12:00:59.8132714Z ##[group]Runner Image
verify (ubuntu-latest)	Set up job	2026-09-12T12:00:59.8133259Z Image: ubuntu-24.04
verify (ubuntu-latest)	Set up job	2026-09-12T12:00:59.8133976Z Version: 20260907.300.1
verify (ubuntu-latest)	Set up job	2026-09-12T12:00:59.8135003Z Included Software: https://github.com/actions/runner-images/blob/ubuntu24/20260907.300/images/ubuntu/Ubuntu2404-Readme.md
verify (ubuntu-latest)	Set up job	2026-09-12T12:00:59.8136992Z Image Release: https://github.com/actions/runner-images/releases/tag/ubuntu24%2F20260907.300
verify (ubuntu-latest)	Set up job	2026-09-12T12:00:59.8137977Z ##[endgroup]
verify (ubuntu-latest)	Set up job	2026-09-12T12:00:59.8139000Z ##[group]GITHUB_TOKEN Permissions
verify (ubuntu-latest)	Set up job	2026-09-12T12:00:59.8141159Z Contents: read
verify (ubuntu-latest)	Set up job	2026-09-12T12:00:59.8141768Z Metadata: read
verify (ubuntu-latest)	Set up job	2026-09-12T12:00:59.8142327Z ##[endgroup]
verify (ubuntu-latest)	Set up job	2026-09-12T12:00:59.8144557Z Secret source: Actions
verify (ubuntu-latest)	Set up job	2026-09-12T12:00:59.8145563Z Cache mode: write
verify (ubuntu-latest)	Set up job	2026-09-12T12:00:59.8146179Z Prepare workflow directory
verify (ubuntu-latest)	Set up job	2026-09-12T12:00:59.8478792Z Prepare all required actions
verify (ubuntu-latest)	Set up job	2026-09-12T12:00:59.8527882Z Getting action download info
verify (ubuntu-latest)	Set up job	2026-09-12T12:01:00.1607574Z Download action repository 'actions/checkout@11d5960a326750d5838078e36cf38b85af677262' (SHA:11d5960a326750d5838078e36cf38b85af677262)
verify (ubuntu-latest)	Set up job	2026-09-12T12:01:00.2499062Z Download action repository 'actions/setup-node@49933ea5288caeca8642d1e84afbd3f7d6820020' (SHA:49933ea5288caeca8642d1e84afbd3f7d6820020)
verify (ubuntu-latest)	Set up job	2026-09-12T12:01:00.3188166Z Download action repository 'actions/download-artifact@d3f86a106a0bac45b974a628896c90dbdf5c8093' (SHA:d3f86a106a0bac45b974a628896c90dbdf5c8093)
verify (ubuntu-latest)	Set up job	2026-09-12T12:01:01.0494649Z Download action repository 'actions/upload-artifact@ea165f8d65b6e75b540449e92b4886f43607fa02' (SHA:ea165f8d65b6e75b540449e92b4886f43607fa02)
verify (ubuntu-latest)	Set up job	2026-09-12T12:01:01.2367445Z Complete job name: verify (ubuntu-latest)
verify (ubuntu-latest)	Run actions/checkout@11d5960a326750d5838078e36cf38b85af677262	﻿2026-09-12T12:01:01.3203916Z Node 20 is being deprecated. This workflow is running with Node 24 by default. If you need to temporarily use Node 20, you can set the ACTIONS_ALLOW_USE_UNSECURE_NODE_VERSION=true environment variable. For more information see: https://github.blog/changelog/2025-09-19-deprecation-of-node-20-on-github-actions-runners/
verify (ubuntu-latest)	Run actions/checkout@11d5960a326750d5838078e36cf38b85af677262	2026-09-12T12:01:01.3212827Z ##[group]Run actions/checkout@11d5960a326750d5838078e36cf38b85af677262
verify (ubuntu-latest)	Run actions/checkout@11d5960a326750d5838078e36cf38b85af677262	2026-09-12T12:01:01.3213984Z with:
verify (ubuntu-latest)	Run actions/checkout@11d5960a326750d5838078e36cf38b85af677262	2026-09-12T12:01:01.3214488Z   persist-credentials: false
verify (ubuntu-latest)	Run actions/checkout@11d5960a326750d5838078e36cf38b85af677262	2026-09-12T12:01:01.3215069Z   repository: xingxuling/TINP
verify (ubuntu-latest)	Run actions/checkout@11d5960a326750d5838078e36cf38b85af677262	2026-09-12T12:01:01.3219093Z   token: ***
verify (ubuntu-latest)	Run actions/checkout@11d5960a326750d5838078e36cf38b85af677262	2026-09-12T12:01:01.3219568Z   ssh-strict: true
verify (ubuntu-latest)	Run actions/checkout@11d5960a326750d5838078e36cf38b85af677262	2026-09-12T12:01:01.3220083Z   ssh-user: git
verify (ubuntu-latest)	Run actions/checkout@11d5960a326750d5838078e36cf38b85af677262	2026-09-12T12:01:01.3220554Z   clean: true
verify (ubuntu-latest)	Run actions/checkout@11d5960a326750d5838078e36cf38b85af677262	2026-09-12T12:01:01.3221052Z   sparse-checkout-cone-mode: true
verify (ubuntu-latest)	Run actions/checkout@11d5960a326750d5838078e36cf38b85af677262	2026-09-12T12:01:01.3221634Z   fetch-depth: 1
verify (ubuntu-latest)	Run actions/checkout@11d5960a326750d5838078e36cf38b85af677262	2026-09-12T12:01:01.3222110Z   fetch-tags: false
verify (ubuntu-latest)	Run actions/checkout@11d5960a326750d5838078e36cf38b85af677262	2026-09-12T12:01:01.3222610Z   show-progress: true
verify (ubuntu-latest)	Run actions/checkout@11d5960a326750d5838078e36cf38b85af677262	2026-09-12T12:01:01.3223127Z   lfs: false
verify (ubuntu-latest)	Run actions/checkout@11d5960a326750d5838078e36cf38b85af677262	2026-09-12T12:01:01.3223773Z   submodules: false
verify (ubuntu-latest)	Run actions/checkout@11d5960a326750d5838078e36cf38b85af677262	2026-09-12T12:01:01.3224277Z   set-safe-directory: true
verify (ubuntu-latest)	Run actions/checkout@11d5960a326750d5838078e36cf38b85af677262	2026-09-12T12:01:01.3224846Z   allow-unsafe-pr-checkout: false
verify (ubuntu-latest)	Run actions/checkout@11d5960a326750d5838078e36cf38b85af677262	2026-09-12T12:01:01.3225672Z ##[endgroup]
verify (ubuntu-latest)	Run actions/checkout@11d5960a326750d5838078e36cf38b85af677262	2026-09-12T12:01:01.4295659Z Syncing repository: xingxuling/TINP
verify (ubuntu-latest)	Run actions/checkout@11d5960a326750d5838078e36cf38b85af677262	2026-09-12T12:01:01.4299169Z ##[group]Getting Git version info
verify (ubuntu-latest)	Run actions/checkout@11d5960a326750d5838078e36cf38b85af677262	2026-09-12T12:01:01.4300640Z Working directory is '/home/runner/work/TINP/TINP'
verify (ubuntu-latest)	Run actions/checkout@11d5960a326750d5838078e36cf38b85af677262	2026-09-12T12:01:01.4302858Z [command]/usr/bin/git version
verify (ubuntu-latest)	Run actions/checkout@11d5960a326750d5838078e36cf38b85af677262	2026-09-12T12:01:01.4308894Z git version 2.55.0
verify (ubuntu-latest)	Run actions/checkout@11d5960a326750d5838078e36cf38b85af677262	2026-09-12T12:01:01.4329853Z ##[endgroup]
verify (ubuntu-latest)	Run actions/checkout@11d5960a326750d5838078e36cf38b85af677262	2026-09-12T12:01:01.4343684Z Temporarily overriding HOME='/home/runner/work/_temp/fcf7f548-fb7a-40ce-b527-3b24e34285fa' before making global git config changes
verify (ubuntu-latest)	Run actions/checkout@11d5960a326750d5838078e36cf38b85af677262	2026-09-12T12:01:01.4347307Z Adding repository directory to the temporary git global config as a safe directory
verify (ubuntu-latest)	Run actions/checkout@11d5960a326750d5838078e36cf38b85af677262	2026-09-12T12:01:01.4349861Z [command]/usr/bin/git config --global --add safe.directory /home/runner/work/TINP/TINP
verify (ubuntu-latest)	Run actions/checkout@11d5960a326750d5838078e36cf38b85af677262	2026-09-12T12:01:01.4393671Z Deleting the contents of '/home/runner/work/TINP/TINP'
verify (ubuntu-latest)	Run actions/checkout@11d5960a326750d5838078e36cf38b85af677262	2026-09-12T12:01:01.4398815Z ##[group]Initializing the repository
verify (ubuntu-latest)	Run actions/checkout@11d5960a326750d5838078e36cf38b85af677262	2026-09-12T12:01:01.4402780Z [command]/usr/bin/git init /home/runner/work/TINP/TINP
verify (ubuntu-latest)	Run actions/checkout@11d5960a326750d5838078e36cf38b85af677262	2026-09-12T12:01:01.4505155Z hint: Using 'master' as the name for the initial branch. This default branch name
verify (ubuntu-latest)	Run actions/checkout@11d5960a326750d5838078e36cf38b85af677262	2026-09-12T12:01:01.4506604Z hint: will change to "main" in Git 3.0. To configure the initial branch name
verify (ubuntu-latest)	Run actions/checkout@11d5960a326750d5838078e36cf38b85af677262	2026-09-12T12:01:01.4508293Z hint: to use in all of your new repositories, which will suppress this warning,
verify (ubuntu-latest)	Run actions/checkout@11d5960a326750d5838078e36cf38b85af677262	2026-09-12T12:01:01.4509303Z hint: call:
verify (ubuntu-latest)	Run actions/checkout@11d5960a326750d5838078e36cf38b85af677262	2026-09-12T12:01:01.4510115Z hint:
verify (ubuntu-latest)	Run actions/checkout@11d5960a326750d5838078e36cf38b85af677262	2026-09-12T12:01:01.4510984Z hint: 	git config --global init.defaultBranch <name>
verify (ubuntu-latest)	Run actions/checkout@11d5960a326750d5838078e36cf38b85af677262	2026-09-12T12:01:01.4511994Z hint:
verify (ubuntu-latest)	Run actions/checkout@11d5960a326750d5838078e36cf38b85af677262	2026-09-12T12:01:01.4512959Z hint: Names commonly chosen instead of 'master' are 'main', 'trunk' and
verify (ubuntu-latest)	Run actions/checkout@11d5960a326750d5838078e36cf38b85af677262	2026-09-12T12:01:01.4515083Z hint: 'development'. The just-created branch can be renamed via this command:
verify (ubuntu-latest)	Run actions/checkout@11d5960a326750d5838078e36cf38b85af677262	2026-09-12T12:01:01.4516095Z hint:
verify (ubuntu-latest)	Run actions/checkout@11d5960a326750d5838078e36cf38b85af677262	2026-09-12T12:01:01.4516601Z hint: 	git branch -m <name>
verify (ubuntu-latest)	Run actions/checkout@11d5960a326750d5838078e36cf38b85af677262	2026-09-12T12:01:01.4517143Z hint:
verify (ubuntu-latest)	Run actions/checkout@11d5960a326750d5838078e36cf38b85af677262	2026-09-12T12:01:01.4517838Z hint: Disable this message with "git config set advice.defaultBranchName false"
verify (ubuntu-latest)	Run actions/checkout@11d5960a326750d5838078e36cf38b85af677262	2026-09-12T12:01:01.4519312Z Initialized empty Git repository in /home/runner/work/TINP/TINP/.git/
verify (ubuntu-latest)	Run actions/checkout@11d5960a326750d5838078e36cf38b85af677262	2026-09-12T12:01:01.4522320Z [command]/usr/bin/git remote add origin https://github.com/xingxuling/TINP
verify (ubuntu-latest)	Run actions/checkout@11d5960a326750d5838078e36cf38b85af677262	2026-09-12T12:01:01.4562357Z ##[endgroup]
verify (ubuntu-latest)	Run actions/checkout@11d5960a326750d5838078e36cf38b85af677262	2026-09-12T12:01:01.4563520Z ##[group]Disabling automatic garbage collection
verify (ubuntu-latest)	Run actions/checkout@11d5960a326750d5838078e36cf38b85af677262	2026-09-12T12:01:01.4567248Z [command]/usr/bin/git config --local gc.auto 0
verify (ubuntu-latest)	Run actions/checkout@11d5960a326750d5838078e36cf38b85af677262	2026-09-12T12:01:01.4598772Z ##[endgroup]
verify (ubuntu-latest)	Run actions/checkout@11d5960a326750d5838078e36cf38b85af677262	2026-09-12T12:01:01.4600660Z ##[group]Setting up auth
verify (ubuntu-latest)	Run actions/checkout@11d5960a326750d5838078e36cf38b85af677262	2026-09-12T12:01:01.4604456Z [command]/usr/bin/git config --local --name-only --get-regexp core\.sshCommand
verify (ubuntu-latest)	Run actions/checkout@11d5960a326750d5838078e36cf38b85af677262	2026-09-12T12:01:01.4633100Z [command]/usr/bin/git submodule foreach --recursive sh -c "git config --local --name-only --get-regexp 'core\.sshCommand' && git config --local --unset-all 'core.sshCommand' || :"
verify (ubuntu-latest)	Run actions/checkout@11d5960a326750d5838078e36cf38b85af677262	2026-09-12T12:01:01.4958335Z [command]/usr/bin/git config --local --name-only --get-regexp http\.https\:\/\/github\.com\/\.extraheader
verify (ubuntu-latest)	Run actions/checkout@11d5960a326750d5838078e36cf38b85af677262	2026-09-12T12:01:01.4988473Z [command]/usr/bin/git submodule foreach --recursive sh -c "git config --local --name-only --get-regexp 'http\.https\:\/\/github\.com\/\.extraheader' && git config --local --unset-all 'http.https://github.com/.extraheader' || :"
verify (ubuntu-latest)	Run actions/checkout@11d5960a326750d5838078e36cf38b85af677262	2026-09-12T12:01:01.5178586Z [command]/usr/bin/git config --local --name-only --get-regexp ^includeIf\.gitdir:
verify (ubuntu-latest)	Run actions/checkout@11d5960a326750d5838078e36cf38b85af677262	2026-09-12T12:01:01.5207880Z [command]/usr/bin/git submodule foreach --recursive git config --local --show-origin --name-only --get-regexp remote.origin.url
verify (ubuntu-latest)	Run actions/checkout@11d5960a326750d5838078e36cf38b85af677262	2026-09-12T12:01:01.5382669Z [command]/usr/bin/git config --local http.https://github.com/.extraheader AUTHORIZATION: basic ***
verify (ubuntu-latest)	Run actions/checkout@11d5960a326750d5838078e36cf38b85af677262	2026-09-12T12:01:01.5415048Z ##[endgroup]
verify (ubuntu-latest)	Run actions/checkout@11d5960a326750d5838078e36cf38b85af677262	2026-09-12T12:01:01.5416798Z ##[group]Fetching the repository
verify (ubuntu-latest)	Run actions/checkout@11d5960a326750d5838078e36cf38b85af677262	2026-09-12T12:01:01.5425853Z [command]/usr/bin/git -c protocol.version=2 fetch --no-tags --prune --no-recurse-submodules --depth=1 origin +692c0e485a8a855d2e6c089de789365f66b4f1e6:refs/remotes/origin/codex/tinp-external-onboarding-v01
verify (ubuntu-latest)	Run actions/checkout@11d5960a326750d5838078e36cf38b85af677262	2026-09-12T12:01:03.4989889Z From https://github.com/xingxuling/TINP
verify (ubuntu-latest)	Run actions/checkout@11d5960a326750d5838078e36cf38b85af677262	2026-09-12T12:01:03.4992336Z  * [new ref]         692c0e485a8a855d2e6c089de789365f66b4f1e6 -> origin/codex/tinp-external-onboarding-v01
verify (ubuntu-latest)	Run actions/checkout@11d5960a326750d5838078e36cf38b85af677262	2026-09-12T12:01:03.4997681Z ##[endgroup]
verify (ubuntu-latest)	Run actions/checkout@11d5960a326750d5838078e36cf38b85af677262	2026-09-12T12:01:03.4998635Z ##[group]Determining the checkout info
verify (ubuntu-latest)	Run actions/checkout@11d5960a326750d5838078e36cf38b85af677262	2026-09-12T12:01:03.4999570Z ##[endgroup]
verify (ubuntu-latest)	Run actions/checkout@11d5960a326750d5838078e36cf38b85af677262	2026-09-12T12:01:03.5002821Z [command]/usr/bin/git sparse-checkout disable
verify (ubuntu-latest)	Run actions/checkout@11d5960a326750d5838078e36cf38b85af677262	2026-09-12T12:01:03.5047040Z [command]/usr/bin/git config --local --unset-all extensions.worktreeConfig
verify (ubuntu-latest)	Run actions/checkout@11d5960a326750d5838078e36cf38b85af677262	2026-09-12T12:01:03.5070716Z ##[group]Checking out the ref
verify (ubuntu-latest)	Run actions/checkout@11d5960a326750d5838078e36cf38b85af677262	2026-09-12T12:01:03.5075143Z [command]/usr/bin/git checkout --progress --force -B codex/tinp-external-onboarding-v01 refs/remotes/origin/codex/tinp-external-onboarding-v01
verify (ubuntu-latest)	Run actions/checkout@11d5960a326750d5838078e36cf38b85af677262	2026-09-12T12:01:03.5937217Z Switched to a new branch 'codex/tinp-external-onboarding-v01'
verify (ubuntu-latest)	Run actions/checkout@11d5960a326750d5838078e36cf38b85af677262	2026-09-12T12:01:03.5941163Z branch 'codex/tinp-external-onboarding-v01' set up to track 'origin/codex/tinp-external-onboarding-v01'.
verify (ubuntu-latest)	Run actions/checkout@11d5960a326750d5838078e36cf38b85af677262	2026-09-12T12:01:03.5987232Z ##[endgroup]
verify (ubuntu-latest)	Run actions/checkout@11d5960a326750d5838078e36cf38b85af677262	2026-09-12T12:01:03.5991521Z [command]/usr/bin/git log -1 --format=%H
verify (ubuntu-latest)	Run actions/checkout@11d5960a326750d5838078e36cf38b85af677262	2026-09-12T12:01:03.6012854Z 692c0e485a8a855d2e6c089de789365f66b4f1e6
verify (ubuntu-latest)	Run actions/checkout@11d5960a326750d5838078e36cf38b85af677262	2026-09-12T12:01:03.6023962Z ##[group]Removing auth
verify (ubuntu-latest)	Run actions/checkout@11d5960a326750d5838078e36cf38b85af677262	2026-09-12T12:01:03.6026441Z [command]/usr/bin/git config --local --name-only --get-regexp core\.sshCommand
verify (ubuntu-latest)	Run actions/checkout@11d5960a326750d5838078e36cf38b85af677262	2026-09-12T12:01:03.6052202Z [command]/usr/bin/git submodule foreach --recursive sh -c "git config --local --name-only --get-regexp 'core\.sshCommand' && git config --local --unset-all 'core.sshCommand' || :"
verify (ubuntu-latest)	Run actions/checkout@11d5960a326750d5838078e36cf38b85af677262	2026-09-12T12:01:03.6225509Z [command]/usr/bin/git config --local --name-only --get-regexp http\.https\:\/\/github\.com\/\.extraheader
verify (ubuntu-latest)	Run actions/checkout@11d5960a326750d5838078e36cf38b85af677262	2026-09-12T12:01:03.6247303Z http.https://github.com/.extraheader
verify (ubuntu-latest)	Run actions/checkout@11d5960a326750d5838078e36cf38b85af677262	2026-09-12T12:01:03.6254701Z [command]/usr/bin/git config --local --unset-all http.https://github.com/.extraheader
verify (ubuntu-latest)	Run actions/checkout@11d5960a326750d5838078e36cf38b85af677262	2026-09-12T12:01:03.6280148Z [command]/usr/bin/git submodule foreach --recursive sh -c "git config --local --name-only --get-regexp 'http\.https\:\/\/github\.com\/\.extraheader' && git config --local --unset-all 'http.https://github.com/.extraheader' || :"
verify (ubuntu-latest)	Run actions/checkout@11d5960a326750d5838078e36cf38b85af677262	2026-09-12T12:01:03.6451010Z [command]/usr/bin/git config --local --name-only --get-regexp ^includeIf\.gitdir:
verify (ubuntu-latest)	Run actions/checkout@11d5960a326750d5838078e36cf38b85af677262	2026-09-12T12:01:03.6475152Z [command]/usr/bin/git submodule foreach --recursive git config --local --show-origin --name-only --get-regexp remote.origin.url
verify (ubuntu-latest)	Run actions/checkout@11d5960a326750d5838078e36cf38b85af677262	2026-09-12T12:01:03.6646492Z ##[endgroup]
verify (ubuntu-latest)	Run actions/setup-node@49933ea5288caeca8642d1e84afbd3f7d6820020	﻿2026-09-12T12:01:03.6877920Z Node 20 is being deprecated. This workflow is running with Node 24 by default. If you need to temporarily use Node 20, you can set the ACTIONS_ALLOW_USE_UNSECURE_NODE_VERSION=true environment variable. For more information see: https://github.blog/changelog/2025-09-19-deprecation-of-node-20-on-github-actions-runners/
verify (ubuntu-latest)	Run actions/setup-node@49933ea5288caeca8642d1e84afbd3f7d6820020	2026-09-12T12:01:03.6879825Z ##[group]Run actions/setup-node@49933ea5288caeca8642d1e84afbd3f7d6820020
verify (ubuntu-latest)	Run actions/setup-node@49933ea5288caeca8642d1e84afbd3f7d6820020	2026-09-12T12:01:03.6880242Z with:
verify (ubuntu-latest)	Run actions/setup-node@49933ea5288caeca8642d1e84afbd3f7d6820020	2026-09-12T12:01:03.6880513Z   node-version: 22
verify (ubuntu-latest)	Run actions/setup-node@49933ea5288caeca8642d1e84afbd3f7d6820020	2026-09-12T12:01:03.6880794Z   always-auth: false
verify (ubuntu-latest)	Run actions/setup-node@49933ea5288caeca8642d1e84afbd3f7d6820020	2026-09-12T12:01:03.6881110Z   check-latest: false
verify (ubuntu-latest)	Run actions/setup-node@49933ea5288caeca8642d1e84afbd3f7d6820020	2026-09-12T12:01:03.6883751Z   token: ***
verify (ubuntu-latest)	Run actions/setup-node@49933ea5288caeca8642d1e84afbd3f7d6820020	2026-09-12T12:01:03.6884017Z ##[endgroup]
verify (ubuntu-latest)	Run actions/setup-node@49933ea5288caeca8642d1e84afbd3f7d6820020	2026-09-12T12:01:03.8302746Z (node:2260) [DEP0040] DeprecationWarning: The `punycode` module is deprecated. Please use a userland alternative instead.
verify (ubuntu-latest)	Run actions/setup-node@49933ea5288caeca8642d1e84afbd3f7d6820020	2026-09-12T12:01:03.8304227Z (Use `node --trace-deprecation ...` to show where the warning was created)
verify (ubuntu-latest)	Run actions/setup-node@49933ea5288caeca8642d1e84afbd3f7d6820020	2026-09-12T12:01:03.8316564Z Found in cache @ /opt/hostedtoolcache/node/22.23.2/x64
verify (ubuntu-latest)	Run actions/setup-node@49933ea5288caeca8642d1e84afbd3f7d6820020	2026-09-12T12:01:03.8336528Z ##[group]Environment details
verify (ubuntu-latest)	Run actions/setup-node@49933ea5288caeca8642d1e84afbd3f7d6820020	2026-09-12T12:01:04.1944062Z node: v22.23.2
verify (ubuntu-latest)	Run actions/setup-node@49933ea5288caeca8642d1e84afbd3f7d6820020	2026-09-12T12:01:04.1944494Z npm: 10.9.8
verify (ubuntu-latest)	Run actions/setup-node@49933ea5288caeca8642d1e84afbd3f7d6820020	2026-09-12T12:01:04.1944805Z yarn: 1.22.22
verify (ubuntu-latest)	Run actions/setup-node@49933ea5288caeca8642d1e84afbd3f7d6820020	2026-09-12T12:01:04.1945576Z ##[endgroup]
verify (ubuntu-latest)	Run actions/download-artifact@d3f86a106a0bac45b974a628896c90dbdf5c8093	﻿2026-09-12T12:01:04.2064596Z Node 20 is being deprecated. This workflow is running with Node 24 by default. If you need to temporarily use Node 20, you can set the ACTIONS_ALLOW_USE_UNSECURE_NODE_VERSION=true environment variable. For more information see: https://github.blog/changelog/2025-09-19-deprecation-of-node-20-on-github-actions-runners/
verify (ubuntu-latest)	Run actions/download-artifact@d3f86a106a0bac45b974a628896c90dbdf5c8093	2026-09-12T12:01:04.2065907Z ##[group]Run actions/download-artifact@d3f86a106a0bac45b974a628896c90dbdf5c8093
verify (ubuntu-latest)	Run actions/download-artifact@d3f86a106a0bac45b974a628896c90dbdf5c8093	2026-09-12T12:01:04.2066287Z with:
verify (ubuntu-latest)	Run actions/download-artifact@d3f86a106a0bac45b974a628896c90dbdf5c8093	2026-09-12T12:01:04.2066489Z   name: opp-linux-evidence
verify (ubuntu-latest)	Run actions/download-artifact@d3f86a106a0bac45b974a628896c90dbdf5c8093	2026-09-12T12:01:04.2066721Z   path: transferred
verify (ubuntu-latest)	Run actions/download-artifact@d3f86a106a0bac45b974a628896c90dbdf5c8093	2026-09-12T12:01:04.2066939Z   merge-multiple: false
verify (ubuntu-latest)	Run actions/download-artifact@d3f86a106a0bac45b974a628896c90dbdf5c8093	2026-09-12T12:01:04.2067169Z   repository: xingxuling/TINP
verify (ubuntu-latest)	Run actions/download-artifact@d3f86a106a0bac45b974a628896c90dbdf5c8093	2026-09-12T12:01:04.2067401Z   run-id: 34692507409
verify (ubuntu-latest)	Run actions/download-artifact@d3f86a106a0bac45b974a628896c90dbdf5c8093	2026-09-12T12:01:04.2067706Z ##[endgroup]
verify (ubuntu-latest)	Run actions/download-artifact@d3f86a106a0bac45b974a628896c90dbdf5c8093	2026-09-12T12:01:04.3561761Z Downloading single artifact
verify (ubuntu-latest)	Run actions/download-artifact@d3f86a106a0bac45b974a628896c90dbdf5c8093	2026-09-12T12:01:04.3697455Z (node:2291) [DEP0040] DeprecationWarning: The `punycode` module is deprecated. Please use a userland alternative instead.
verify (ubuntu-latest)	Run actions/download-artifact@d3f86a106a0bac45b974a628896c90dbdf5c8093	2026-09-12T12:01:04.3698268Z (Use `node --trace-deprecation ...` to show where the warning was created)
verify (ubuntu-latest)	Run actions/download-artifact@d3f86a106a0bac45b974a628896c90dbdf5c8093	2026-09-12T12:01:04.5798155Z Preparing to download the following artifacts:
verify (ubuntu-latest)	Run actions/download-artifact@d3f86a106a0bac45b974a628896c90dbdf5c8093	2026-09-12T12:01:04.5800086Z - opp-linux-evidence (ID: 10297650578, Size: 51307, Expected Digest: sha256:48189d6b8b0be427fbac7ced592d83cf98218688136a7728d42e14deecf2b77d)
verify (ubuntu-latest)	Run actions/download-artifact@d3f86a106a0bac45b974a628896c90dbdf5c8093	2026-09-12T12:01:04.7804227Z Redirecting to blob download url: https://productionresultssa4.blob.core.windows.net/actions-results/306993ce-3348-4968-b618-ce5a0d2e22d1/workflow-job-run-ccafd0b3-418e-5756-afd5-0ba5218cbadd/artifacts/d75f2d205385ccdec3afdd3f2d80e3996f19d32b8d5e502fcb046e8e520d8bb4.zip
verify (ubuntu-latest)	Run actions/download-artifact@d3f86a106a0bac45b974a628896c90dbdf5c8093	2026-09-12T12:01:04.7806288Z Starting download of artifact to: /home/runner/work/TINP/TINP/transferred
verify (ubuntu-latest)	Run actions/download-artifact@d3f86a106a0bac45b974a628896c90dbdf5c8093	2026-09-12T12:01:05.0059918Z (node:2291) [DEP0005] DeprecationWarning: Buffer() is deprecated due to security and usability issues. Please use the Buffer.alloc(), Buffer.allocUnsafe(), or Buffer.from() methods instead.
verify (ubuntu-latest)	Run actions/download-artifact@d3f86a106a0bac45b974a628896c90dbdf5c8093	2026-09-12T12:01:05.0613067Z SHA256 digest of downloaded artifact is 48189d6b8b0be427fbac7ced592d83cf98218688136a7728d42e14deecf2b77d
verify (ubuntu-latest)	Run actions/download-artifact@d3f86a106a0bac45b974a628896c90dbdf5c8093	2026-09-12T12:01:05.0614698Z Artifact download completed successfully.
verify (ubuntu-latest)	Run actions/download-artifact@d3f86a106a0bac45b974a628896c90dbdf5c8093	2026-09-12T12:01:05.0615324Z Total of 1 artifact(s) downloaded
verify (ubuntu-latest)	Run actions/download-artifact@d3f86a106a0bac45b974a628896c90dbdf5c8093	2026-09-12T12:01:05.0621290Z Download artifact has finished successfully
verify (ubuntu-latest)	Verify roots, actual library receipts, recovery and tamper rejection	﻿2026-09-12T12:01:05.0754624Z ##[group]Run node scripts/verify-external-batch.mjs transferred acceptance.json "$EXPECTED_SUMMARY_SHA256"
verify (ubuntu-latest)	Verify roots, actual library receipts, recovery and tamper rejection	2026-09-12T12:01:05.0755424Z ^[[36;1mnode scripts/verify-external-batch.mjs transferred acceptance.json "$EXPECTED_SUMMARY_SHA256"^[[0m
verify (ubuntu-latest)	Verify roots, actual library receipts, recovery and tamper rejection	2026-09-12T12:01:05.0788093Z shell: /usr/bin/bash --noprofile --norc -e -o pipefail {0}
verify (ubuntu-latest)	Verify roots, actual library receipts, recovery and tamper rejection	2026-09-12T12:01:05.0788457Z env:
verify (ubuntu-latest)	Verify roots, actual library receipts, recovery and tamper rejection	2026-09-12T12:01:05.0788867Z   EXPECTED_SUMMARY_SHA256: 4cfbfe16c83fc2bfe8f3ba68b6f232736a7c1b6a9bbf9058512985f17a91be5c
verify (ubuntu-latest)	Verify roots, actual library receipts, recovery and tamper rejection	2026-09-12T12:01:05.0789309Z ##[endgroup]
verify (ubuntu-latest)	Verify roots, actual library receipts, recovery and tamper rejection	2026-09-12T12:01:05.1361335Z {"status":"PASS","projects":3,"platform":"linux"}
verify (ubuntu-latest)	Run actions/upload-artifact@ea165f8d65b6e75b540449e92b4886f43607fa02	﻿2026-09-12T12:01:05.1467746Z Node 20 is being deprecated. This workflow is running with Node 24 by default. If you need to temporarily use Node 20, you can set the ACTIONS_ALLOW_USE_UNSECURE_NODE_VERSION=true environment variable. For more information see: https://github.blog/changelog/2025-09-19-deprecation-of-node-20-on-github-actions-runners/
verify (ubuntu-latest)	Run actions/upload-artifact@ea165f8d65b6e75b540449e92b4886f43607fa02	2026-09-12T12:01:05.1469068Z ##[group]Run actions/upload-artifact@ea165f8d65b6e75b540449e92b4886f43607fa02
verify (ubuntu-latest)	Run actions/upload-artifact@ea165f8d65b6e75b540449e92b4886f43607fa02	2026-09-12T12:01:05.1469447Z with:
verify (ubuntu-latest)	Run actions/upload-artifact@ea165f8d65b6e75b540449e92b4886f43607fa02	2026-09-12T12:01:05.1469672Z   name: tinp-acceptance-ubuntu-latest
verify (ubuntu-latest)	Run actions/upload-artifact@ea165f8d65b6e75b540449e92b4886f43607fa02	2026-09-12T12:01:05.1469956Z   path: acceptance.json
verify (ubuntu-latest)	Run actions/upload-artifact@ea165f8d65b6e75b540449e92b4886f43607fa02	2026-09-12T12:01:05.1470204Z   if-no-files-found: error
verify (ubuntu-latest)	Run actions/upload-artifact@ea165f8d65b6e75b540449e92b4886f43607fa02	2026-09-12T12:01:05.1470445Z   retention-days: 14
verify (ubuntu-latest)	Run actions/upload-artifact@ea165f8d65b6e75b540449e92b4886f43607fa02	2026-09-12T12:01:05.1470670Z   compression-level: 6
verify (ubuntu-latest)	Run actions/upload-artifact@ea165f8d65b6e75b540449e92b4886f43607fa02	2026-09-12T12:01:05.1470888Z   overwrite: false
verify (ubuntu-latest)	Run actions/upload-artifact@ea165f8d65b6e75b540449e92b4886f43607fa02	2026-09-12T12:01:05.1471114Z   include-hidden-files: false
verify (ubuntu-latest)	Run actions/upload-artifact@ea165f8d65b6e75b540449e92b4886f43607fa02	2026-09-12T12:01:05.1471356Z ##[endgroup]
verify (ubuntu-latest)	Run actions/upload-artifact@ea165f8d65b6e75b540449e92b4886f43607fa02	2026-09-12T12:01:05.3027551Z (node:2312) [DEP0040] DeprecationWarning: The `punycode` module is deprecated. Please use a userland alternative instead.
verify (ubuntu-latest)	Run actions/upload-artifact@ea165f8d65b6e75b540449e92b4886f43607fa02	2026-09-12T12:01:05.3028421Z (Use `node --trace-deprecation ...` to show where the warning was created)
verify (ubuntu-latest)	Run actions/upload-artifact@ea165f8d65b6e75b540449e92b4886f43607fa02	2026-09-12T12:01:05.3079524Z With the provided path, there will be 1 file uploaded
verify (ubuntu-latest)	Run actions/upload-artifact@ea165f8d65b6e75b540449e92b4886f43607fa02	2026-09-12T12:01:05.3080579Z Artifact name is valid!
verify (ubuntu-latest)	Run actions/upload-artifact@ea165f8d65b6e75b540449e92b4886f43607fa02	2026-09-12T12:01:05.3081120Z Root directory input is valid!
verify (ubuntu-latest)	Run actions/upload-artifact@ea165f8d65b6e75b540449e92b4886f43607fa02	2026-09-12T12:01:05.7158939Z Beginning upload of artifact content to blob storage
verify (ubuntu-latest)	Run actions/upload-artifact@ea165f8d65b6e75b540449e92b4886f43607fa02	2026-09-12T12:01:05.7326408Z (node:2312) [DEP0169] DeprecationWarning: `url.parse()` behavior is not standardized and prone to errors that have security implications. Use the WHATWG URL API instead. CVEs are not issued for `url.parse()` vulnerabilities.
verify (ubuntu-latest)	Run actions/upload-artifact@ea165f8d65b6e75b540449e92b4886f43607fa02	2026-09-12T12:01:05.9563769Z Uploaded bytes 1128
verify (ubuntu-latest)	Run actions/upload-artifact@ea165f8d65b6e75b540449e92b4886f43607fa02	2026-09-12T12:01:06.0218263Z Finished uploading artifact content to blob storage!
verify (ubuntu-latest)	Run actions/upload-artifact@ea165f8d65b6e75b540449e92b4886f43607fa02	2026-09-12T12:01:06.0219692Z SHA256 digest of uploaded artifact zip is 370c1e4d47f74b18761d130791db94c7e352ffbb8e06a0b40bbb5c38ede8a4cb
verify (ubuntu-latest)	Run actions/upload-artifact@ea165f8d65b6e75b540449e92b4886f43607fa02	2026-09-12T12:01:06.0221257Z Finalizing artifact upload
verify (ubuntu-latest)	Run actions/upload-artifact@ea165f8d65b6e75b540449e92b4886f43607fa02	2026-09-12T12:01:06.2273790Z Artifact tinp-acceptance-ubuntu-latest.zip successfully finalized. Artifact ID 10297741166
verify (ubuntu-latest)	Run actions/upload-artifact@ea165f8d65b6e75b540449e92b4886f43607fa02	2026-09-12T12:01:06.2275922Z Artifact tinp-acceptance-ubuntu-latest has been successfully uploaded! Final size is 1128 bytes. Artifact ID is 10297741166
verify (ubuntu-latest)	Run actions/upload-artifact@ea165f8d65b6e75b540449e92b4886f43607fa02	2026-09-12T12:01:06.2282732Z Artifact download URL: https://github.com/xingxuling/TINP/actions/runs/34692507409/artifacts/10297741166
verify (ubuntu-latest)	Post Run actions/setup-node@49933ea5288caeca8642d1e84afbd3f7d6820020	﻿2026-09-12T12:01:06.2420046Z Node 20 is being deprecated. This workflow is running with Node 24 by default. If you need to temporarily use Node 20, you can set the ACTIONS_ALLOW_USE_UNSECURE_NODE_VERSION=true environment variable. For more information see: https://github.blog/changelog/2025-09-19-deprecation-of-node-20-on-github-actions-runners/
verify (ubuntu-latest)	Post Run actions/setup-node@49933ea5288caeca8642d1e84afbd3f7d6820020	2026-09-12T12:01:06.2421227Z Post job cleanup.
verify (ubuntu-latest)	Post Run actions/setup-node@49933ea5288caeca8642d1e84afbd3f7d6820020	2026-09-12T12:01:06.3568559Z (node:2325) [DEP0040] DeprecationWarning: The `punycode` module is deprecated. Please use a userland alternative instead.
verify (ubuntu-latest)	Post Run actions/setup-node@49933ea5288caeca8642d1e84afbd3f7d6820020	2026-09-12T12:01:06.3569353Z (Use `node --trace-deprecation ...` to show where the warning was created)
verify (ubuntu-latest)	Post Run actions/checkout@11d5960a326750d5838078e36cf38b85af677262	﻿2026-09-12T12:01:06.3757748Z Node 20 is being deprecated. This workflow is running with Node 24 by default. If you need to temporarily use Node 20, you can set the ACTIONS_ALLOW_USE_UNSECURE_NODE_VERSION=true environment variable. For more information see: https://github.blog/changelog/2025-09-19-deprecation-of-node-20-on-github-actions-runners/
verify (ubuntu-latest)	Post Run actions/checkout@11d5960a326750d5838078e36cf38b85af677262	2026-09-12T12:01:06.3758916Z Post job cleanup.
verify (ubuntu-latest)	Post Run actions/checkout@11d5960a326750d5838078e36cf38b85af677262	2026-09-12T12:01:06.4580980Z [command]/usr/bin/git version
verify (ubuntu-latest)	Post Run actions/checkout@11d5960a326750d5838078e36cf38b85af677262	2026-09-12T12:01:06.4618649Z git version 2.55.0
verify (ubuntu-latest)	Post Run actions/checkout@11d5960a326750d5838078e36cf38b85af677262	2026-09-12T12:01:06.4657926Z Temporarily overriding HOME='/home/runner/work/_temp/9870379f-9afc-4a48-ac19-ddacd2ceaec7' before making global git config changes
verify (ubuntu-latest)	Post Run actions/checkout@11d5960a326750d5838078e36cf38b85af677262	2026-09-12T12:01:06.4659522Z Adding repository directory to the temporary git global config as a safe directory
verify (ubuntu-latest)	Post Run actions/checkout@11d5960a326750d5838078e36cf38b85af677262	2026-09-12T12:01:06.4662138Z [command]/usr/bin/git config --global --add safe.directory /home/runner/work/TINP/TINP
verify (ubuntu-latest)	Post Run actions/checkout@11d5960a326750d5838078e36cf38b85af677262	2026-09-12T12:01:06.4697904Z [command]/usr/bin/git config --local --name-only --get-regexp core\.sshCommand
verify (ubuntu-latest)	Post Run actions/checkout@11d5960a326750d5838078e36cf38b85af677262	2026-09-12T12:01:06.4729263Z [command]/usr/bin/git submodule foreach --recursive sh -c "git config --local --name-only --get-regexp 'core\.sshCommand' && git config --local --unset-all 'core.sshCommand' || :"
verify (ubuntu-latest)	Post Run actions/checkout@11d5960a326750d5838078e36cf38b85af677262	2026-09-12T12:01:06.4939694Z [command]/usr/bin/git config --local --name-only --get-regexp http\.https\:\/\/github\.com\/\.extraheader
verify (ubuntu-latest)	Post Run actions/checkout@11d5960a326750d5838078e36cf38b85af677262	2026-09-12T12:01:06.4972169Z [command]/usr/bin/git submodule foreach --recursive sh -c "git config --local --name-only --get-regexp 'http\.https\:\/\/github\.com\/\.extraheader' && git config --local --unset-all 'http.https://github.com/.extraheader' || :"
verify (ubuntu-latest)	Post Run actions/checkout@11d5960a326750d5838078e36cf38b85af677262	2026-09-12T12:01:06.5168287Z [command]/usr/bin/git config --local --name-only --get-regexp ^includeIf\.gitdir:
verify (ubuntu-latest)	Post Run actions/checkout@11d5960a326750d5838078e36cf38b85af677262	2026-09-12T12:01:06.5197373Z [command]/usr/bin/git submodule foreach --recursive git config --local --show-origin --name-only --get-regexp remote.origin.url
verify (ubuntu-latest)	Complete job	﻿2026-09-12T12:01:06.5622805Z Cleaning up orphan processes
verify (ubuntu-latest)	Complete job	2026-09-12T12:01:06.5837045Z ##[warning]Node.js 20 is deprecated. The following actions target Node.js 20 but are being forced to run on Node.js 24: actions/checkout@11d5960a326750d5838078e36cf38b85af677262, actions/download-artifact@d3f86a106a0bac45b974a628896c90dbdf5c8093, actions/setup-node@49933ea5288caeca8642d1e84afbd3f7d6820020, actions/upload-artifact@ea165f8d65b6e75b540449e92b4886f43607fa02. For more information see: https://github.blog/changelog/2025-09-19-deprecation-of-node-20-on-github-actions-runners/
